<?xml version="1.0" encoding="UTF-8"?>
<addon id="skin.estuary.nazarja" version="1.0.4" name="Estuary Nazarja Mod" provider-name="Nazarja">
	<requires>
		<import addon="xbmc.gui" version="5.12.0"/>
		<import addon="script.artistslideshow" version="2.0.0"/>
		<import version="5.12.0" addon="xbmc.gui"/>
		<import version="0.6.5" addon="script.skinshortcuts"/>
		<import version="1.0.0" addon="script.skin.helper.service"/>
		<import version="1.0.0" addon="script.skin.helper.widgets"/>
		<import version="0.0.2" addon="service.skin.widgets"/>
		<import addon="resource.images.backgroundoverlays.basic" version="1.0.0"/>
        <import addon="script.skin.helper.backgrounds" version="1.0.0"/>
        <import addon="resource.images.backgroundoverlays.basic" version="1.0.0"/>
		<!-- <import addon="context.trailer" version="1.0.0"/> -->
	</requires>
	<extension point="xbmc.gui.skin" debugging="false">
		<res width="1920" height="1440" aspect="4:3" default="false" folder="xml" />
		<res width="1920" height="1280" aspect="3:2" default="false" folder="xml" />
		<res width="1920" height="1200" aspect="16:10" default="false" folder="xml" />
		<res width="1920" height="1080" aspect="16:9" default="true" folder="xml" />
		<res width="2560" height="1080" aspect="21:9" default="false" folder="xml" />
	</extension>
	<extension point="xbmc.addon.metadata">
		
		<summary lang="en_US">My Mod of the Estuary Skin.</summary>
		<platform>all</platform>
		<license>CC BY-SA 4.0, GNU GENERAL PUBLIC LICENSE Version 2.0</license>
		<forum>http://forum.kodi.tv/showthread.php?tid=303946</forum>
		<assets>
			<icon>resources/icon.png</icon>
			<fanart>resources/fanart.jpg</fanart>
			<screenshot>resources/screenshot-01.jpg</screenshot>
			<screenshot>resources/screenshot-02.jpg</screenshot>
			<screenshot>resources/screenshot-03.jpg</screenshot>
			<screenshot>resources/screenshot-04.jpg</screenshot>
			<screenshot>resources/screenshot-05.jpg</screenshot>
			<screenshot>resources/screenshot-06.jpg</screenshot>
			<screenshot>resources/screenshot-07.jpg</screenshot>
			<screenshot>resources/screenshot-08.jpg</screenshot>
		</assets>
	</extension>
</addon>

