
<?xml version="1.0" encoding="UTF-8"?>
<includes>
	<include name="View_508_Netflix_Wide">
		<control type="group">
		<visible>Control.IsVisible(508)</visible>
			<control type="image">
				<aspectratio>scale</aspectratio>
				<aligny>top</aligny>
				<right>0</right>
				<height>55%</height>
				<width>55%</width>
				<depth>DepthBackground</depth>
				<texture>$INFO[ListItem.Art(fanart)]</texture>
			</control>
			<control type="image">
				<aspectratio>scale</aspectratio>
				<include>FullScreenDimensions</include>
				<depth>DepthBackground</depth>
				<texture>overlays/NetFlixOverlay3.png</texture>
				<colordiffuse>FF000000</colordiffuse>
			</control>

			<control type="image">
						<depth>DepthContentPopout</depth>
						<top>20</top>
						<left>600</left>
						<width max="537">auto</width>
						<height>120</height>
						<aspectratio align="top" aligny="center">keep</aspectratio>
						<texture background="true">$VAR[ClearLogoVar]</texture>
						<visible>!ListItem.IsCollection + !ListItem.IsParentFolder</visible>
						<visible>!Skin.HasSetting(ToggleClearArtLogo) + Skin.HasSetting(ClearArtOnViews)</visible>
				</control>
				 <control type="image">
						<depth>DepthContentPopout</depth>
						<top>20</top>
						<left>560</left>
						<width max="537">auto</width>
						<height>160</height>
						<aspectratio align="top" aligny="center">keep</aspectratio>
						<texture background="true">$INFO[Window(Home).Property(SkinHelper.ListItem.Art.Clearart)]</texture>
						<visible>!ListItem.IsCollection + !ListItem.IsParentFolder</visible>
						<visible>Skin.HasSetting(ToggleClearArtLogo) + Skin.HasSetting(ClearArtOnViews)</visible>
				</control>  

			<control type="textbox">
				<left>50</left>
				<top>100</top>
				<width>1200</width>
				<height>60</height>
				<font>fontMainMenu</font>
				<textcolor>button_focus</textcolor>
				<label>$INFO[ListItem.Title]</label>
			</control>
			<control type="textbox">
				<left>50</left>
				<top>155</top>
				<width>1200</width>
				<height>60</height>
				<font>fontSubMenu</font>
				<label>$INFO[ListItem.Genre] | $INFO[ListItem.Year] </label>
				<visible>!ListItem.IsCollection + !ListItem.IsParentFolder</visible>
			</control>
			<control type="textbox">
				<left>50</left>
				<top>220</top>
				<width>900</width>
				<height>170</height>
				<font>smallInfoFont</font>
				<label>$INFO[ListItem.Tagline,[I],[/I][CR][CR]]$INFO[ListItem.Plot][CR][CR]</label> 
				<autoscroll delay="6000" time="5000" repeat="10000">Skin.HasSetting(autoscroll)</autoscroll>
				<visible>!ListItem.IsCollection + !ListItem.IsParentFolder</visible>
			</control>

<!--Visible All  -->			
			<control type="textbox">
				<left>50</left>
				<top>420</top>
				<width>1200</width>
				<height>60</height>
				<font>fontSubMenu</font>
				<label>IMDB: $INFO[ListItem.RatingandVotes]</label>
				<textcolor>$VAR[secondHighlightColor]</textcolor>
				<visible>!ListItem.IsCollection + !ListItem.IsParentFolder</visible>
				<visible>!ListItem.IsCollection + !ListItem.IsParentFolder</visible>
			</control>

<!--Visible TV  -->
			<control type="textbox">
				<left>390</left>
				<top>420</top>
				<width>1200</width>
				<height>60</height>
				<font>fontSubMenu</font>
				<label>Studio: $INFO[ListItem.Studio]</label>
				<textcolor>$VAR[secondHighlightColor]</textcolor>
				<visible>!ListItem.IsCollection + !ListItem.IsParentFolder</visible>
				<visible>!String.IsEmpty(ListItem.Studio) + !Container.Content(movies)</visible>
			</control>
			<control type="textbox">
				<left>650</left>
				<top>420</top>
				<width>1200</width>
				<height>60</height>
				<font>fontSubMenu</font>
				<label>Status: $INFO[Window(Home).Property(SkinHelper.ListItem.Status)]</label>
				<textcolor>$VAR[secondHighlightColor]</textcolor>
				 <visible>!String.IsEmpty(Window(Home).Property(SkinHelper.ListItem.Status) + Container.Content(tvshows)</visible> 
				 <visible>!ListItem.IsCollection + !ListItem.IsParentFolder</visible>
			</control>
			<control type="textbox">
				<left>650</left>
				<top>420</top>
				<width>1200</width>
				<height>60</height>
				<font>fontSubMenu</font>
				<label>Premiered: $INFO[ListItem.Premiered]</label>
				<textcolor>$VAR[secondHighlightColor]</textcolor>
				 <visible>Container.Content(seasons)</visible> 
				 <visible>!ListItem.IsCollection + !ListItem.IsParentFolder</visible>
			</control>

<!-- Visible Movies  -->
			<control type="textbox">
				<left>345</left>
				<top>420</top>
				<width>295</width>
				<height>30</height>
				<font>fontSubMenu</font>
				<label>Director: $INFO[ListItem.Director]</label>
				<textcolor>$VAR[secondHighlightColor]</textcolor>
				 <visible>Container.Content(movies)</visible> 
				 <visible>!ListItem.IsCollection + !ListItem.IsParentFolder</visible>
			</control>
			<control type="textbox">
				<left>680</left>
				<top>420</top>
				<width>1200</width>
				<height>60</height>
				<font>fontSubMenu</font>
				<label>Rating: $INFO[ListItem.Mpaa]</label>
				<textcolor>$VAR[secondHighlightColor]</textcolor>
				<visible>!ListItem.IsCollection + !ListItem.IsParentFolder</visible>
				<animation effect="fade" start="0" end="500" time="500" condition="Control.HasFocus(508) ">Conditional</animation>
				<visible>!String.IsEmpty(ListItem.Mpaa) + Container.Content(movies)</visible> 
			</control>
			<control type="textbox">
				<left>680</left>
				<top>420</top>
				<width>1200</width>
				<height>60</height>
				<font>fontSubMenu</font>
				<label>Premiered: $INFO[ListItem.Premiered]</label>
				<textcolor>$VAR[secondHighlightColor]</textcolor>
				<visible>!ListItem.IsCollection + !ListItem.IsParentFolder</visible>
				<animation effect="fade" start="0" end="500" time="500" condition="Control.HasFocus(508) ">Conditional</animation>
				 <visible>String.IsEmpty(ListItem.Mpaa) + Container.Content(movies)</visible> 
			</control>

<!-- Visible All Duration  -->
			<control type="textbox">
				<right>20</right>
				<top>420</top>
				<width>320</width>
				<height>60</height>
				<font>fontSubMenu</font>
				<label>Ends at: $INFO[ListItem.EndTime] ($INFO[Window(Home).Property(SkinHelper.ListItem.Duration)] mins)</label> 
				<textcolor>$VAR[secondHighlightColor]</textcolor>
				<visible>!ListItem.IsCollection + !ListItem.IsParentFolder</visible>
				<animation effect="fade" start="0" end="500" time="500" condition="Control.HasFocus(508) ">Conditional</animation>
			</control>
		</control>
	<control type="group">
			<include>OpenClose_Right</include>
			<visible>Control.IsVisible(508)</visible>
			<visible>Container.Content(movies) | Container.Content(tvshows) | Container.Content(seasons)</visible>
			<include>Visible_Right</include>
			<left>-20</left>
			<right>0</right>
			<top>430</top>
			<animation effect="slide" end=",-10" time="0" condition="Container.Content(images) | Container.Content(movies) | Container.Content(sets) | Container.Content(tvshows) | Container.Content(seasons)">Conditional</animation>
			<control type="panel" id="508">
				<width>100%</width>
				<top>20</top>
				<height>650</height>
				<oninfo condition="String.IsEqual(ListItem.DBType,set)">ActivateWindow(1132)</oninfo>
				<onup condition="!Skin.HasSetting(KioskMode)">9000</onup>
				<onright>508</onright>
				<onleft>508</onleft>
				<ondown>60</ondown>
				<viewtype label="Netflix Style Wide">icon</viewtype>
				<preloaditems>2</preloaditems>
				<pagecontrol>60</pagecontrol>
				<orientation>horizontal</orientation>
				<scrolltime tween="cubic" easing="out">500</scrolltime>
				<visible>Container.Content(images) | Container.Content(movies) | Container.Content(sets) | Container.Content(tvshows) | Container.Content(seasons) | Container.Content(artists) | Container.Content(albums) | Container.Content(musicvideos)</visible>
				<itemlayout height="180" width="280" condition="Container.Content(images)">
					<control type="image">
						<left>10</left>
						<top>10</top>
						<width>310</width>
						<height>210</height>
						<texture fallback="DefaultPicture.png" background="true">$VAR[ShiftThumbVar]</texture>
						<bordertexture border="21">overlays/shadow.png</bordertexture>
						<bordersize>20</bordersize>
						<aspectratio>scale</aspectratio>
					</control>
				</itemlayout>
				<focusedlayout height="180" width="280" condition="Container.Content(images)">
					<control type="image">
						<left>20</left>
						<top>20</top>
						<width>290</width>
						<height>190</height>
						<texture colordiffuse="button_focus">colors/white.png</texture>
					</control>
					<control type="image">
						<left>10</left>
						<top>10</top>
						<width>310</width>
						<height>210</height>
						<texture fallback="DefaultPicture.png" background="true">$VAR[ShiftThumbVar]</texture>
						<bordertexture border="21">overlays/shadow.png</bordertexture>
						<bordersize>20</bordersize>
						<aspectratio>scale</aspectratio>
					</control>
				</focusedlayout>

				<itemlayout height="300" width="210" condition="Container.Content(movies) | Container.Content(sets) | Container.Content(tvshows) | Container.Content(seasons)">
					<control type="image">
						<left>10</left>
						<top>10</top>
						<width>240</width>
						<height>330</height>
						<texture fallback="DefaultVideo.png" background="true">$VAR[ShiftThumbVar]</texture>
						<bordertexture border="21">overlays/shadow.png</bordertexture>
						<bordersize>20</bordersize>
						<aspectratio>scale</aspectratio>
					</control>
					<control type="image">
						<left>30</left>
						<top>250</top>
						<width>70</width>
						<height>70</height>
						<texture>overlays/overlay-bg.png</texture>
						<visible>ListItem.IsResumable | Listitem.IsCollection | ListItem.IsPlaying | Integer.IsGreater(ListItem.Playcount,0)</visible>
					</control>
					<control type="image">
						<left>30</left>
						<top>290</top>
						<width>28</width>
						<height>28</height>
						<texture>$VAR[WallWatchedIconVar]</texture>
					</control>
					<control type="image">
						<left>30</left>
						<top>30</top>
						<width>200</width>
						<height>290</height>
						<texture background="true" colordiffuse="BFFFFFFF">colors/black.png</texture>
						<aspectratio>scale</aspectratio>
						<visible>Skin.HasSetting(greyedout_watched) + Integer.IsGreater(ListItem.Playcount,0)</visible>
					</control>
				</itemlayout>
				<focusedlayout height="300" width="210" condition="Container.Content(movies) | Container.Content(sets) | Container.Content(tvshows) | Container.Content(seasons)">
					<control type="image">
						<left>25</left>
						<top>25</top>
						<width>210</width>
						<height>300</height>
						<texture colordiffuse="button_focus">colors/white.png</texture>
						<depth>DepthContentPopout</depth>
						<animation effect="zoom" start="100" end="110" time="110" tween="sine" easing="inout" center="50,100">Focus</animation>
					</control>
					<control type="image">
						<left>10</left>
						<top>10</top>
						<width>240</width>
						<height>330</height>
						<texture fallback="DefaultVideo.png" background="true">$VAR[ShiftThumbVar]</texture>
						<bordertexture border="21">overlays/shadow.png</bordertexture>
						<bordersize>20</bordersize>
						<aspectratio>scale</aspectratio>
						<animation effect="zoom" start="100" end="110" time="110" tween="sine" easing="inout" center="50,100">Focus</animation>
					</control>
					<control type="image">
						<left>30</left>
						<top>250</top>
						<width>70</width>
						<height>70</height>
						<texture>overlays/overlay-bg.png</texture>
						<visible>ListItem.IsResumable | Listitem.IsCollection | ListItem.IsPlaying | Integer.IsGreater(ListItem.Playcount,0)</visible>
						<animation effect="zoom" start="100" end="110" time="110" tween="sine" easing="inout" center="50,100">Focus</animation>
					</control>
					<control type="image">
						<left>30</left>
						<top>290</top>
						<width>28</width>
						<height>28</height>
						<texture>$VAR[WallWatchedIconVar]</texture>
						<animation effect="zoom" start="100" end="110" time="110" tween="sine" easing="inout" center="50,100">Focus</animation>
					</control>
				</focusedlayout>
			</control>
		</control>
		<control type="scrollbar" id="60">
			<bottom>0</bottom>
			<height>12</height>
			<width>100%</width>
			<orientation>horizontal</orientation>
			<texturesliderbackground />
			<onup>508</onup>
			<ondown>508</ondown>
			<visible>Control.IsVisible(508)</visible>
		</control>
	</include>
</includes>