<?xml version="1.0" encoding="UTF-8"?>
<includes>
	<include name="View_507_Mosaic_Vertical">
		<control type="group">
			<include>OpenClose_Right</include>
			<visible>Control.IsVisible(507)</visible>
			<include>Visible_Right</include>
			<left>-10</left>
			<right>0</right>
			<top>-10</top>
			<animation effect="slide" end="5,0" time="0" condition="String.IsEqual(Skin.AspectRatio,21:9) + [Container.Content(movies) | Container.Content(sets) | Container.Content(tvshows) | Container.Content(seasons)]">Conditional</animation>
			<animation effect="slide" end="-17.5,0" time="0" condition="String.IsEqual(Skin.AspectRatio,21:9) + [Container.Content(artists) | Container.Content(albums) | Container.Content(musicvideos)]">Conditional</animation>
			<animation effect="slide" end="132,0" time="0" condition="String.IsEqual(Skin.AspectRatio,21:9) + Container.Content(images)">Conditional</animation>
			<control type="panel" id="507">
				<top>20</top>
				<width>100%</width>
				<height>100%</height>
				<oninfo condition="String.IsEqual(ListItem.DBType,set)">ActivateWindow(1132)</oninfo>
				<onleft condition="!Skin.HasSetting(KioskMode)">9000</onleft>
				<onright>531</onright>
				<onup>507</onup>
				<ondown>507</ondown>
				<viewtype label="Small Posters (Long)">icon</viewtype>
				<preloaditems>2</preloaditems>
				<pagecontrol>531</pagecontrol>
				<orientation>vertical</orientation>
				<scrolltime tween="cubic" easing="out">500</scrolltime>
				<visible>Container.Content(images) | Container.Content(movies) | Container.Content(sets) | Container.Content(tvshows) | Container.Content(seasons) | Container.Content(artists) | Container.Content(albums) | Container.Content(musicvideos)</visible>
				<itemlayout height="225" width="376" condition="Container.Content(images)">
					<control type="group">
						<top>85</top>
						<left>5</left>
						<control type="image">
							<left>10</left>
							<top>10</top>
							<width>406</width>
							<height>255</height>
							<texture fallback="DefaultPicture.png" background="true">$VAR[ShiftThumbVar]</texture>
							<bordertexture border="21">overlays/shadow.png</bordertexture>
							<bordersize>20</bordersize>
							<aspectratio>scale</aspectratio>
						</control>
					</control>
				</itemlayout>
				<focusedlayout height="225" width="376" condition="Container.Content(images)">
					<control type="group">
						<top>85</top>
						<left>5</left>
						<control type="image">
							<left>20</left>
							<top>20</top>
							<width>386</width>
							<height>235</height>
							<texture colordiffuse="button_focus">colors/white.png</texture>
						</control>
						<control type="image">
							<left>10</left>
							<top>10</top>
							<width>406</width>
							<height>255</height>
							<texture fallback="DefaultPicture.png" background="true">$VAR[ShiftThumbVar]</texture>
							<bordertexture border="21">overlays/shadow.png</bordertexture>
							<bordersize>20</bordersize>
							<aspectratio>scale</aspectratio>
						</control>
					</control>
				</focusedlayout>
				<itemlayout height="225" width="225" condition="Container.Content(artists) | Container.Content(albums) | Container.Content(musicvideos)">
					<control type="group">
						<top>88</top>
						<left>45</left>
						<control type="image">
							<left>10</left>
							<top>10</top>
							<width>255</width>
							<height>255</height>
							<texture fallback="DefaultAudio.png" background="true">$VAR[ShiftThumbVar]</texture>
							<bordertexture border="21">overlays/shadow.png</bordertexture>
							<bordersize>20</bordersize>
							<aspectratio>scale</aspectratio>
							<visible>!Container.Content(addons)</visible>
						</control>
						<control type="image">
							<left>10</left>
							<top>10</top>
							<width>255</width>
							<height>255</height>
							<texture fallback="DefaultAddon.png" background="true">$VAR[ShiftThumbVar]</texture>
							<bordertexture border="21">overlays/shadow.png</bordertexture>
							<bordersize>20</bordersize>
							<aspectratio>scale</aspectratio>
							<visible>Container.Content(addons)</visible>
						</control>
						<control type="image">
							<left>30</left>
							<top>30</top>
							<width>215</width>
							<height>215</height>
							<texture background="true" colordiffuse="BFFFFFFF">colors/black.png</texture>
							<aspectratio>scale</aspectratio>
							<visible>!Container.Content(addons)</visible>
							<visible>Skin.HasSetting(greyedout_watched) + Integer.IsGreater(ListItem.Playcount,0) + Container.Content(musicvideos)</visible>
						</control>
					</control>
				</itemlayout>
				<focusedlayout height="225" width="225" condition="Container.Content(artists) | Container.Content(albums) | Container.Content(musicvideos)">
					<control type="group">
						<top>88</top>
						<left>45</left>
						<control type="image">
							<left>20</left>
							<top>20</top>
							<width>235</width>
							<height>235</height>
							<texture colordiffuse="button_focus">colors/white.png</texture>
						</control>
						<control type="group">
							<control type="image">
								<left>10</left>
								<top>10</top>
								<width>255</width>
								<height>255</height>
								<texture fallback="DefaultAudio.png" background="true">$VAR[ShiftThumbVar]</texture>
								<bordertexture border="21">overlays/shadow.png</bordertexture>
								<bordersize>20</bordersize>
								<aspectratio>scale</aspectratio>
								<visible>!Container.Content(addons)</visible>
							</control>
							<control type="image">
								<left>10</left>
								<top>10</top>
								<width>255</width>
								<height>255</height>
								<texture fallback="DefaultAddon.png" background="true">$VAR[ShiftThumbVar]</texture>
								<bordertexture border="21">overlays/shadow.png</bordertexture>
								<bordersize>20</bordersize>
								<aspectratio>scale</aspectratio>
								<visible>Container.Content(addons)</visible>
							</control>
							<control type="group">
								<left>30</left>
								<top>200</top>
								<control type="image">
									<width>215</width>
									<height>45</height>
									<texture>dialogs/back.png</texture>
								</control>
								<control type="label">
									<left>10</left>
									<width>195</width>
									<height>45</height>
									<align>center</align>
									<aligny>center</aligny>
									<font>font12</font>
									<label>$INFO[ListItem.Label]</label>
									<scroll>true</scroll>
									<visible>!Container.Content(albums)</visible>
								</control>
								<control type="label">
									<left>10</left>
									<width>195</width>
									<height>45</height>
									<align>center</align>
									<aligny>center</aligny>
									<font>font12</font>
									<label>$INFO[ListItem.Artist,, - ]$INFO[ListItem.Label]</label>
									<scroll>true</scroll>
									<visible>Container.Content(albums)</visible>
								</control>
							</control>
						</control>
					</control>
				</focusedlayout>
				<itemlayout height="300" width="210" condition="Container.Content(movies) | Container.Content(sets) | Container.Content(tvshows) | Container.Content(seasons)">
					<control type="group">
						<top>88</top>
						<control type="image">
							<left>10</left>
							<top>10</top>
							<width>240</width>
							<height>330</height>
							<texture fallback="DefaultVideo.png" background="true">$VAR[ShiftThumbVar]</texture>
							<bordertexture border="21">overlays/shadow.png</bordertexture>
							<bordersize>20</bordersize>
							<aspectratio>scale</aspectratio>
						</control>
						<control type="image">
							<left>30</left>
							<top>250</top>
							<width>70</width>
							<height>70</height>
							<texture>overlays/overlay-bg.png</texture>
							<visible>ListItem.IsResumable | Listitem.IsCollection | ListItem.IsPlaying | Integer.IsGreater(ListItem.Playcount,0)</visible>
						</control>
						<control type="image">
							<left>30</left>
							<top>290</top>
							<width>28</width>
							<height>28</height>
							<texture>$VAR[WallWatchedIconVar]</texture>
						</control>
						<control type="image">
							<left>30</left>
							<top>30</top>
							<width>200</width>
							<height>290</height>
							<texture background="true" colordiffuse="BFFFFFFF">colors/black.png</texture>
							<aspectratio>stretch</aspectratio>
							<visible>Skin.HasSetting(greyedout_watched) + Integer.IsGreater(ListItem.Playcount,0)</visible>
						</control>
					</control>
				</itemlayout>
				<focusedlayout height="300" width="210" condition="Container.Content(movies) | Container.Content(sets) | Container.Content(tvshows) | Container.Content(seasons)">
					<control type="group">
						<top>88</top>
						<control type="image">
							<left>25</left>
							<top>25</top>
							<width>210</width>
							<height>300</height>
							<texture colordiffuse="button_focus">colors/white.png</texture>
							<animation effect="zoom" start="100" end="110" time="110" tween="sine" easing="inout" center="50,100">Focus</animation>
						</control>
						<control type="image">
							<left>10</left>
							<top>10</top>
							<width>240</width>
							<height>330</height>
							<texture fallback="DefaultVideo.png" background="true">$VAR[ShiftThumbVar]</texture>
							<bordertexture border="21">overlays/shadow.png</bordertexture>
							<bordersize>20</bordersize>
							<aspectratio>scale</aspectratio>
							<animation effect="zoom" start="100" end="110" time="110" tween="sine" easing="inout" center="50,100">Focus</animation>
						</control>
						<control type="image">
							<left>30</left>
							<top>250</top>
							<width>70</width>
							<height>70</height>
							<texture>overlays/overlay-bg.png</texture>
							<visible>ListItem.IsResumable | Listitem.IsCollection | ListItem.IsPlaying | Integer.IsGreater(ListItem.Playcount,0)</visible>
							<animation effect="zoom" start="100" end="110" time="110" tween="sine" easing="inout" center="50,100">Focus</animation>
						</control>
						<control type="image">
							<left>30</left>
							<top>290</top>
							<width>28</width>
							<height>28</height>
							<texture>$VAR[WallWatchedIconVar]</texture>
							<animation effect="zoom" start="100" end="110" time="110" tween="sine" easing="inout" center="50,100">Focus</animation>
						</control>
					</control>
				</focusedlayout>
			</control>
		</control>
	</include>
</includes>