<?xml version="1.0" encoding="UTF-8" standalone="yes"?>
<addon id="repository.nazarja" name="Nazarja Repo" version="0.0.2" provider-name="Nazarja">
	<extension point="xbmc.addon.repository" name="Nazarja Repo">
		<dir>
			<info compressed="false">https://raw.githubusercontent.com/noobsandnerds/modules4all/master/zips/addons.xml</info>
			<checksum>https://raw.githubusercontent.com/noobsandnerds/modules4all/master/zips/addons.xml.md5</checksum>
			<datadir zip="true">https://raw.githubusercontent.com/noobsandnerds/modules4all/master/zips/</datadir>
		</dir>
		<info compressed="false">https://raw.githubusercontent.com/nazarja/repository.nazarja/master/zips/addons.xml</info>
		<checksum>https://raw.githubusercontent.com/nazarja/repository.nazarja/master/zips/addons.xml.md5</checksum>
		<datadir zip="true">https://raw.githubusercontent.com/nazarja/repository.nazarja/master/zips/</datadir>
	</extension>
	<extension point="xbmc.addon.metadata">
		<summary lang="en">Kodi Repo for my Skins, Scripts  and Addons</summary>
		<description lang="en"></description>
		<genre></genre>
	</extension>
</addon>