<?xml version="1.0" encoding="utf-8"?>
<window>
	<defaultcontrol always="true">500</defaultcontrol>
	<views>500</views>
	<backgroundcolor>background</backgroundcolor>
	<controls>
		<include>DefaultBackground</include>
		<control type="image">
			<depth>DepthBackground</depth>
			<include>FullScreenDimensions</include>
			<aspectratio>scale</aspectratio>
			<texture background="true" colordiffuse="$VAR[Background_Opacity]">$INFO[ListItem.Thumb]</texture>
			<fadetime>400</fadetime>
			<animation effect="fade" start="0" end="100" time="400">WindowOpen</animation>
			<animation effect="fade" start="100" end="0" time="300">WindowClose</animation>
			<animation effect="fade" time="400">VisibleChange</animation>
			<visible>!String.IsEqual(Window.Property(type),channel)</visible>
		</control>
		<control type="image">
			<depth>DepthBackground</depth>
			<include>FullScreenDimensions</include>
			<aspectratio>scale</aspectratio>
			<texture background="true" colordiffuse="$VAR[Background_Opacity]">$INFO[ListItem.Art(fanart)]</texture>
			<fadetime>400</fadetime>
			<animation effect="fade" start="0" end="100" time="400">WindowOpen</animation>
			<animation effect="fade" start="100" end="0" time="300">WindowClose</animation>
			<animation effect="fade" time="400">VisibleChange</animation>
			<visible>String.IsEqual(Window.Property(type),channel)</visible>
		</control>
		<control type="group">
			<include>OpenClose_Right</include>
			<control type="panel" id="500">
				<left>5</left>
				<top>0</top>
				<width>98%</width>
				<height>100%</height>
				<viewtype label="31234">icon</viewtype>
				<pagecontrol>72</pagecontrol>
				<preloaditems>2</preloaditems>
				<scrolltime tween="cubic" easing="out">500</scrolltime>
				<onleft condition="!Skin.HasSetting(KioskMode)">9000</onleft>
				<onright>72</onright>
				<onup>700</onup>
				<ondown>600</ondown>
				<orientation>vertical</orientation>
				<itemlayout height="410" width="440">
					<control type="group">
						<left>75</left>
						<top>190</top>
						<control type="image">
							<top>-70</top>
							<width>440</width>
							<height>420</height>
							<texture>dialogs/dialog-bg-nobo.png</texture>
							<bordertexture border="21">overlays/shadow.png</bordertexture>
							<bordersize>20</bordersize>
						</control>
						<control type="image">
							<left>25</left>
							<width>390</width>
							<height>220</height>
							<fadetime>200</fadetime>
							<aspectratio aligny="center">scale</aspectratio>
							<texture fallback="DefaultVideoFanart.png">$INFO[ListItem.Art(thumb)]</texture>
						</control>
						<control type="label">
							<left>30</left>
							<top>-25</top>
							<width>380</width>
							<height>5</height>
							<align>left</align>
							<aligny>center</aligny>
							<label>$INFO[ListItem.Property(duration)]$INFO[ListItem.Property(itemcount),, $LOCALIZE[36913]]</label>
							<font>font10</font>
						</control>
						<control type="image">
							<left>280</left>
							<top>223</top>
							<width>130</width>
							<height>30</height>
							<texture>$INFO[ListItem.Rating,icons//extendedinfo/stars/,.png]</texture>
						</control>
						<control type="label">
							<left>30</left>
							<top>223</top>
							<width>380</width>
							<height>30</height>
							<align>left</align>
							<aligny>center</aligny>
							<label>$INFO[ListItem.Property(viewcount),, $ADDON[script.extendedinfo 32061]]</label>
							<font>font10</font>
						</control>
						<control type="textbox">
							<left>30</left>
							<top>255</top>
							<height>70</height>
							<width>380</width>
							<label>$INFO[ListItem.Label]</label>
							<align>center</align>
							<font>font12</font>
						</control>
						<control type="label">
							<left>30</left>
							<top>-25</top>
							<width>380</width>
							<height>5</height>
							<align>right</align>
							<aligny>center</aligny>
							<label>$INFO[ListItem.Premiered]</label>
							<font>font10</font>
						</control>
					</control>
				</itemlayout>
				<focusedlayout height="410" width="440">
					<control type="group">
						<left>75</left>
						<top>190</top>
						<animation type="Focus">
							<effect type="zoom" time="150" start="95" end="100" center="245,260" />
							<effect type="zoom" time="150" start="105" end="100" delay="150" center="245,260" />
						</animation>
						<control type="image">
							<top>-70</top>
							<width>440</width>
							<height>420</height>
							<texture>dialogs/dialog-bg-nobo.png</texture>
							<bordertexture border="21">overlays/shadow.png</bordertexture>
							<bordersize>20</bordersize>
						</control>
						<control type="image">
							<top>-70</top>
							<left>0</left>
							<width>440</width>
							<height>420</height>
							<texture colordiffuse="$VAR[SkinColorVar]">colors/grey.png</texture>
							<bordertexture border="21">overlays/shadow.png</bordertexture>
							<bordersize>20</bordersize>
							<include>Animation_FocusTextureFade</include>
						</control>
						<control type="image">
							<left>25</left>
							<width>390</width>
							<height>220</height>
							<aspectratio aligny="center">scale</aspectratio>
							<texture fallback="DefaultVideoFanart.png">$INFO[ListItem.Art(thumb)]</texture>
						</control>
						<control type="label">
							<left>30</left>
							<top>-25</top>
							<width>380</width>
							<height>5</height>
							<align>left</align>
							<aligny>center</aligny>
							<label>$INFO[ListItem.Property(duration)]$INFO[ListItem.Property(itemcount),, $LOCALIZE[36913]]</label>
							<font>font10</font>
						</control>
						<control type="image">
							<left>280</left>
							<top>223</top>
							<width>130</width>
							<height>30</height>
							<texture>$INFO[ListItem.Rating,icons/extendedinfo/stars/,.png]</texture>
						</control>
						<control type="label">
							<left>30</left>
							<top>223</top>
							<width>380</width>
							<height>30</height>
							<align>left</align>
							<aligny>center</aligny>
							<label>$INFO[ListItem.Property(viewcount),, $ADDON[script.extendedinfo 32061]]</label>
							<font>font10</font>
						</control>
						<control type="textbox">
							<left>30</left>
							<top>255</top>
							<height>70</height>
							<width>380</width>
							<align>center</align>
							<label>$INFO[ListItem.Label]</label>
							<font>font12</font>
							<autoscroll delay="1000" time="1000" repeat="1000">true</autoscroll>
						</control>
						<control type="label">
							<left>30</left>
							<top>-25</top>
							<width>380</width>
							<height>5</height>
							<align>right</align>
							<aligny>center</aligny>
							<label>$INFO[ListItem.Premiered]</label>
							<font>font10</font>
						</control>
					</control>
				</focusedlayout>
			</control>
			<control type="button" id="600">
				<onfocus>SetFocus(500)</onfocus>
				<width>1</width>
				<height>1</height>
				<left>-1000</left>
			</control>
			<control type="button" id="700">
				<onfocus>SetFocus(500)</onfocus>
				<width>1</width>
				<height>1</height>
				<left>-1000</left>
			</control>
		</control>
		<include content="TopBar">
			<param name="breadcrumbs_label" value="$INFO[Window.Property(Filter_Label)]" />
			<param name="width" value="100%" />
		</include>
		<include content="BottomBar">
			<param name="info_visible" value="true" />
		</include>
		<control type="group">
			<visible>!Skin.HasSetting(touchmode)</visible>
			<animation effect="fade" time="400">VisibleChange</animation>
			<animation effect="fade" start="0" end="100" time="400">WindowOpen</animation>
			<animation effect="fade" start="100" end="0" time="300">WindowClose</animation>
			<visible>!ControlGroup(9000).HasFocus + !Control.HasFocus(6000) + !Control.HasFocus(7000)</visible>
			<control type="button">
				<bottom>11</bottom>
				<left>12</left>
				<width>36</width>
				<height>36</height>
				<texturefocus colordiffuse="$VAR[SkinColorVar]">frame/menu-nofo.png</texturefocus>
				<texturenofocus>frame/menu-nofo.png</texturenofocus>
				<animation effect="fade" time="200">VisibleChange</animation>
				<onclick>SetFocus(9000)</onclick>
				<visible>!Skin.HasSetting(KioskMode)</visible>
			</control>
			<control type="button">
				<bottom>11</bottom>
				<left>55</left>
				<width>300</width>
				<height>36</height>
				<shadowcolor>text_shadow</shadowcolor>
				<label>$ADDON[script.extendedinfo 32023]</label>
				<onclick>SetFocus(9000)</onclick>
				<texturefocus />
				<texturenofocus />
				<font>font25_title</font>
				<aligny>center</aligny>
				<visible>!Skin.HasSetting(KioskMode)</visible>
			</control>
		</control>
		<include>TouchButtons</include>
		<control type="group">
			<animation effect="fade" start="0" end="100" time="400">WindowOpen</animation>
			<animation effect="fade" start="100" end="0" time="300">WindowClose</animation>
			<animation effect="fade" time="200">VisibleChange</animation>
			<control type="label">
				<bottom>4</bottom>
				<right>70</right>
				<height>44</height>
				<width>300</width>
				<aligny>center</aligny>
				<font>font25_title</font>
				<align>right</align>
				<shadowcolor>text_shadow</shadowcolor>
				<label>$INFO[Window.Property(CurrentPage)]$INFO[Window.Property(TotalPages), / ]</label>
			</control>
			<control type="image">
				<bottom>6</bottom>
				<right>3</right>
				<width>54</width>
				<height>44</height>
				<aspectratio>keep</aspectratio>
				<texture>frame/item-count.png</texture>
				<animation effect="fade" time="200">VisibleChange</animation>
			</control>
		</control>
		<control type="group">
			<include>OpenClose_Left</include>
			<depth>DepthSideBlade</depth>
			<left>-520</left>
			<animation type="Conditional" condition="ControlGroup(9000).HasFocus | Control.HasFocus(6000) | Control.HasFocus(7000)">
				<effect type="slide" start="0" end="520" time="400" tween="cubic" easing="out" />
			</animation>
			<control type="image">
				<width>4000</width>
				<height>100%</height>
				<aspectratio>scale</aspectratio>
				<texture colordiffuse="80FFFFFF">colors/black.png</texture>
				<visible>ControlGroup(9000).HasFocus | Control.HasFocus(6000) | Control.HasFocus(7000)</visible>
				<animation effect="fade" time="200">VisibleChange</animation>
			</control>
			<control type="image">
				<left>0</left>
				<top>0</top>
				<width>520</width>
				<height>100%</height>
				<texture border="0,0,52,0">lists/panel-mediamenu.png</texture>
			</control>
			<control type="group">
				<top>20</top>
				<left>20</left>
				<control type="image">
					<aspectratio>keep</aspectratio>
					<width>56</width>
					<height>56</height>
					<texture colordiffuse="$VAR[SkinColorVar]">icons/logo.png</texture>
				</control>
				<control type="image">
					<left>40</left>
					<top>10</top>
					<aspectratio>keep</aspectratio>
					<width>192</width>
					<height>36</height>
					<texture>icons/logo-text.png</texture>
				</control>
			</control>
			<control type="button" id="6000">
				<label>$LOCALIZE[19140]</label>
				<top>90</top>
				<include>MediaMenuItemsCommon</include>
				<label>$LOCALIZE[19140]</label>
				<ondown>SetFocus(7000)</ondown>
				<onright>500</onright>
				<onleft>500</onleft>
			</control>
			<control type="image">
				<left>408</left>
				<top>110</top>
				<width>40</width>
				<height>40</height>
				<align>center</align>
				<aligny>center</aligny>
				<aspectratio>keep</aspectratio>
				<texture>icons/search.png</texture>
			</control>
			<control type="button" id="7000">
				<top>170</top>
				<include>MediaMenuItemsCommon</include>
				<ondown>9000</ondown>
				<onup>6000</onup>
				<onright>500</onright>
				<onleft>500</onleft>
				<label>$ADDON[script.extendedinfo 32024]</label>
			</control>
			<control type="image">
				<left>352</left>
				<top>190</top>
				<width>96</width>
				<height>40</height>
				<align>center</align>
				<aligny>center</aligny>
				<aspectratio>keep</aspectratio>
				<texture>icons/extendedinfo/youtube.png</texture>
			</control>
			<control type="grouplist" id="9000">
				<top>250</top>
				<width>470</width>
				<height>830</height>
				<orientation>vertical</orientation>
				<scroll>true</scroll>
				<onup>7000</onup>
				<ondown>9000</ondown>
				<onright>500</onright>
				<onleft>500</onleft>
				<onback>500</onback>
				<control type="button" id="5007">
					<include>MediaMenuItemsCommon</include>
					<label>$LOCALIZE[467] :</label>
					<label2>[B]$INFO[Window.Property(Type)][/B]</label2>
				</control>
				<control type="button" id="5001">
					<include>MediaMenuItemsCommon</include>
					<onup>6000</onup>
					<label>$ADDON[script.extendedinfo 32104]</label>
					<label2>[B]$INFO[Window.Property(Sort_Label)][/B]</label2>
				</control>
				<control type="label" id="5333">
					<include>MediaMenuLabelCommon</include>
					<label>$ADDON[script.extendedinfo 32023]</label>
				</control>
				<control type="button" id="5002">
					<include>MediaMenuItemsCommon</include>
					<label>$LOCALIZE[172]</label>
				</control>
				<control type="button" id="5003">
					<include>MediaMenuItemsCommon</include>
					<label>$LOCALIZE[248]</label>
				</control>
				<control type="button" id="5006">
					<include>MediaMenuItemsCommon</include>
					<label>$ADDON[script.extendedinfo 32066]</label>
				</control>
				<control type="button" id="5008">
					<include>MediaMenuItemsCommon</include>
					<label>$LOCALIZE[180]</label>
				</control>
				<control type="button" id="5009">
					<include>MediaMenuItemsCommon</include>
					<label>$LOCALIZE[287]</label>
				</control>
				<control type="button" id="5012">
					<include>MediaMenuItemsCommon</include>
					<label>$LOCALIZE[169]</label>
				</control>
				<control type="button" id="5013">
					<include>MediaMenuItemsCommon</include>
					<label>$LOCALIZE[564]</label>
				</control>
				<control type="button" id="5005">
					<include>MediaMenuItemsCommon</include>
					<label>$ADDON[script.extendedinfo 32022]</label>
				</control>
			</control>
		</control>
	</controls>
</window>