
<?xml version="1.0" encoding="UTF-8"?>
<includes>
	<include name="View_510_Netflix_Large">
		<control type="group">
		<top>0</top>
		<visible>Control.IsVisible(510)</visible>
			<control type="image">
				<aspectratio>scale</aspectratio>
				<aligny>top</aligny>
				<right>0</right>
				<height>55%</height>
				<width>55%</width>
				<depth>DepthBackground</depth>
				<!-- <texture>$INFO[ListItem.Art(poster)]</texture> -->
				<texture>$VAR[FanartImageVar]</texture>
			</control>
			<control type="image">
				<aspectratio>scale</aspectratio>
				<include>FullScreenDimensions</include>
				<depth>DepthBackground</depth>
				<texture>overlays/NetFlixOverlay3.png</texture>
				<colordiffuse>FF000000</colordiffuse>
			</control>
					<control type="image">
					<depth>DepthContentPopout</depth>
					<top>20</top>
					<top>20</top>
					<left>0</left>
					<right>0</right>
					<align>center</align>
					<width>100%</width>
					<height>120</height>
					<aspectratio align="top" aligny="center">keep</aspectratio>
					<texture>$VAR[ClearLogoVar]</texture>
					<visible>!Skin.HasSetting(ToggleClearArtLogo) + Skin.HasSetting(ClearArtOnViews)</visible>
			</control>
				<control type="image">
					<depth>DepthContentPopout</depth>
					<top>20</top>
					<left>0</left>
					<right>0</right>
					<align>center</align>
					<width>100%</width>
					<height>160</height>
					<aspectratio align="top" aligny="center">keep</aspectratio>
					<texture >$INFO[Window(Home).Property(SkinHelper.ListItem.Art.Clearart)]</texture>
					<visible>Skin.HasSetting(ToggleClearArtLogo) + Skin.HasSetting(ClearArtOnViews)</visible>
			</control>  
			<control type="textbox">
				<left>50</left>
				<top>150</top>
				<width>1200</width>
				<height>60</height>
				<font>fontMainMenu</font>
				<textcolor>button_focus</textcolor>
				<label>$INFO[ListItem.TVShowTitle]</label>
				<visible>Container.Content(seasons)</visible>
				<animation effect="fade" start="0" end="500" time="500" condition="Control.HasFocus(510) ">Conditional</animation>
			</control>
			<control type="textbox">
				<left>50</left>
				<top>150</top>
				<width>1200</width>
				<height>60</height>
				<font>fontMainMenu</font>
				<textcolor>button_focus</textcolor>
				<label>$INFO[ListItem.Title]</label>
				<visible>Container.Content(tvshows) | Container.Content(movies)</visible>
				<animation effect="fade" start="0" end="500" time="500" condition="Control.HasFocus(510) ">Conditional</animation>
			</control>
			<control type="textbox">
				<left>50</left>
				<top>205</top>
				<width>1200</width>
				<height>60</height>
				<font>fontSubMenu</font>
				<label>$INFO[ListItem.Year] | $INFO[ListItem.Genre]   </label>
				<animation effect="fade" start="0" end="500" time="500" condition="Control.HasFocus(510) ">Conditional</animation>
				<visible>!ListItem.IsCollection + !ListItem.IsParentFolder</visible>
			</control>
			<control type="textbox">
				<left>50</left>
				<top>260</top>
				<width>900</width>
				<height>170</height>
				<font>smallInfoFont</font>
				<label>$INFO[ListItem.Tagline,[I],[/I][CR][CR]]$INFO[ListItem.Plot][CR][CR]</label> 
				<autoscroll delay="6000" time="5000" repeat="10000">Skin.HasSetting(autoscroll)</autoscroll>
				<animation effect="fade" start="0" end="500" time="500" condition="Control.HasFocus(510) ">Conditional</animation>
				<visible>!ListItem.IsCollection + !ListItem.IsParentFolder</visible>
			</control>
			 <control type="textbox">
				<left>50</left>
				<top>455</top>
				<width>1200</width>
				<height>60</height>
				<font>fontSubMenu</font>
				<label>IMDB: $INFO[ListItem.RatingandVotes]</label>
				<textcolor>$VAR[secondHighlightColor]</textcolor>
				<visible>!ListItem.IsCollection + !ListItem.IsParentFolder</visible>
				<animation effect="fade" start="0" end="500" time="500" condition="Control.HasFocus(510) ">Conditional</animation>
				<visible>!ListItem.IsCollection + !ListItem.IsParentFolder</visible>
			</control> 
			<control type="textbox">
				<left>390</left>
				<top>460</top>
				<width>1200</width>
				<height>60</height>
				<font>fontSubMenu</font>
				<label>Studio: $INFO[ListItem.Studio]</label>
				<textcolor>$VAR[secondHighlightColor]</textcolor>
				<visible>!ListItem.IsCollection + !ListItem.IsParentFolder</visible>
				<animation effect="fade" start="0" end="500" time="500" condition="Control.HasFocus(510) ">Conditional</animation>
				<visible>!String.IsEmpty(ListItem.Studio)</visible>
				<visible>Container.Content(tvshows) | Container.Content(seasons)</visible>
				<visible>!ListItem.IsCollection + !ListItem.IsParentFolder</visible>
			</control>
			<control type="textbox">
				<left>650</left>
				<top>460</top>
				<width>1200</width>
				<height>60</height>
				<font>fontSubMenu</font>
				<label>Premiered: $INFO[ListItem.Premiered] </label>
				 <!-- <visible>!String.IsEmpty(Window(Home).Property(SkinHelper.ListItem.Status)</visible>  -->
				<textcolor>$VAR[secondHighlightColor]</textcolor>
				<animation effect="fade" start="0" end="500" time="500" condition="Control.HasFocus(510) ">Conditional</animation>
				 <visible>!ListItem.IsCollection + !ListItem.IsParentFolder</visible>
				 <visible>Container.Content(seasons)</visible>
			</control>

			<control type="textbox">
				<left>350</left>
				<top>460</top>
				<width>1200</width>
				<height>60</height>
				<font>fontSubMenu</font>
				<label>DVD Release: $INFO[Window(Home).Property(SkinHelper.ListItem.DVDRelease)] </label>
				<textcolor>$VAR[secondHighlightColor]</textcolor>
				<visible>!ListItem.IsCollection + !ListItem.IsParentFolder</visible>
				<animation effect="fade" start="0" end="500" time="500" condition="Control.HasFocus(508) ">Conditional</animation>
				 <visible>!String.IsEmpty(Window(Home).Property(SkinHelper.ListItem.DVDRelease)</visible> 
				 <visible>!ListItem.IsCollection + !ListItem.IsParentFolder</visible>
				 <visible>Container.Content(movies)</visible>
			</control>
			<control type="textbox">
				<left>350</left>
				<top>460</top>
				<height>30</height>
				<width>300</width>
				<font>fontSubMenu</font>
				<label>Director: $INFO[ListItem.Director]</label>
				<textcolor>$VAR[secondHighlightColor]</textcolor>
				<visible>!ListItem.IsCollection + !ListItem.IsParentFolder</visible>
				<animation effect="fade" start="0" end="500" time="500" condition="Control.HasFocus(508) ">Conditional</animation>
				 <visible>String.IsEmpty(Window(Home).Property(SkinHelper.ListItem.DVDRelease) + Container.Content(movies)</visible> 
				 <visible>!ListItem.IsCollection + !ListItem.IsParentFolder</visible>
			</control>
			<control type="textbox">
				<left>650</left>
				<top>460</top>
				<width>1200</width>
				<height>60</height>
				<font>fontSubMenu</font>
				<label>Status: $INFO[Window(Home).Property(SkinHelper.ListItem.Status)] </label>
				<textcolor>$VAR[secondHighlightColor]</textcolor>
				<visible>!ListItem.IsCollection + !ListItem.IsParentFolder</visible>
				<animation effect="fade" start="0" end="500" time="500" condition="Control.HasFocus(508) ">Conditional</animation>
				 <visible>!String.IsEmpty(Window(Home).Property(SkinHelper.ListItem.Status) + Container.Content(tvshows)</visible> 
				 <visible>!ListItem.IsCollection + !ListItem.IsParentFolder</visible>
			</control>
			<control type="textbox">
				<left>650</left>
				<top>460</top>
				<width>1200</width>
				<height>60</height>
				<font>fontSubMenu</font>
				<label>Budget: $INFO[Window(Home).Property(SkinHelper.ListItem.Budget.formatted)] </label>
				<textcolor>$VAR[secondHighlightColor]</textcolor>
				<visible>!ListItem.IsCollection + !ListItem.IsParentFolder</visible>
				<animation effect="fade" start="0" end="500" time="500" condition="Control.HasFocus(508) ">Conditional</animation>
				 <visible>!String.IsEmpty(Window(Home).Property(SkinHelper.ListItem.Budget.formatted) + Container.Content(movies)</visible> 
				 <visible>!ListItem.IsCollection + !ListItem.IsParentFolder</visible>
			</control>

			<control type="grouplist" id="5000">
					<left>1550</left>
					<top>380</top>
					<width>400</width>
					<height>200</height>
					
					<onup>9000</onup>
					<ondown>510</ondown>
					<onleft>9000</onleft>
					<onright>510</onright>

					<itemgap>-16</itemgap>
					<align>center</align>
					<orientation>horizontal</orientation>

					<control type="button" id="139">
						<width>300</width>
						<height>100</height>
						<align>center</align>
						<label>Play Trailer</label>
						<onclick>PlayMedia($INFO[ListItem.Trailer])</onclick>
						<icon>icons/infodialogs/trailer.png</icon>
						<texturenofocus border="21">dialogs/dialog-bg.png</texturenofocus>
					</control>
				</control>	
			
		<control type="group">
			<include>OpenClose_Right</include>
			<visible>Control.IsVisible(510)</visible>
			<include>Visible_Right</include>
			<left>-0</left>
			<right>0</right>
			<top>420</top>
			<animation effect="slide" end=",-10" time="0" condition="Container.Content(images) | Container.Content(movies) | Container.Content(sets) | Container.Content(tvshows) | Container.Content(seasons)">Conditional</animation>
			<control type="panel" id="510">
				<width>100%</width>
				<top>20</top>
				<height>700</height>
				<oninfo condition="String.IsEqual(ListItem.DBType,set)">ActivateWindow(1132)</oninfo>
				<onup condition="!Skin.HasSetting(KioskMode)">5000</onup>
				<onright>510</onright>
				<onleft>9000</onleft>
				<ondown>60</ondown>
				<viewtype label="Netflix Large">icon</viewtype>
				<preloaditems>2</preloaditems>
				<pagecontrol>60</pagecontrol>
				<orientation>horizontal</orientation>
				<scrolltime tween="cubic" easing="out">500</scrolltime>
				<visible>Container.Content(images) | Container.Content(movies) | Container.Content(sets) | Container.Content(tvshows) | Container.Content(seasons) | Container.Content(artists) | Container.Content(albums) | Container.Content(musicvideos)</visible>
				


				<itemlayout height="500" width="330" condition="Container.Content(movies) | Container.Content(sets) | Container.Content(tvshows) | Container.Content(seasons)">
					<control type="label">
						<left>20</left>
						<right>0</right>
						<align>center</align>
						<top>65</top>
						<label>$INFO[ListItem.Label]</label>
					</control>
					<control type="image">
						<left>10</left>
						<top>120</top>
						<width>330</width>
						<height>490</height>
						<texture fallback="DefaultVideo.png" background="true">$VAR[ShiftThumbVar]</texture>
						<bordertexture border="21">overlays/shadow.png</bordertexture>
						<bordersize>20</bordersize>
						<aspectratio>scale</aspectratio>
					</control>
					<control type="image">
						<left>30</left>
						<top>350</top>
						<width>70</width>
						<height>70</height>
						<texture>overlays/overlay-bg.png</texture>
						<visible>ListItem.IsResumable | Listitem.IsCollection | ListItem.IsPlaying | Integer.IsGreater(ListItem.Playcount,0)</visible>
					</control>
					<control type="image">
						<left>30</left>
						<top>490</top>
						<width>28</width>
						<height>28</height>
						<texture>$VAR[WallWatchedIconVar]</texture>
					</control>
					<control type="image">
						<left>30</left>
						<top>130</top>
						<width>330</width>
						<height>490</height>
						<texture background="true" colordiffuse="BFFFFFFF">colors/black.png</texture>
						<aspectratio>scale</aspectratio>
						<visible>Skin.HasSetting(greyedout_watched) + Integer.IsGreater(ListItem.Playcount,0)</visible>
					</control>
				</itemlayout>

				<focusedlayout height="500" width="330"  condition="Container.Content(movies) | Container.Content(sets) | Container.Content(tvshows) | Container.Content(seasons)">
					<control type="label">
						<left>20</left>
						<right>0</right>
						<align>center</align>
						<top>65</top>
						<label>$INFO[ListItem.Label]</label>
						<textcolor>button_focus</textcolor>
					</control>
					<control type="image">
						<left>26</left>
						<top>128</top>
						<width>277</width>
						<height>425</height>
						<texture colordiffuse="button_focus">colors/white.png</texture>
						<depth>DepthContentPopout</depth>
						<animation effect="zoom" start="100" end="110" time="110" tween="sine" easing="inout" center="50,100">Focus</animation>
					</control>
					<control type="image">
						<left>10</left>
						<top>120</top>
						<width>330</width>
						<height>490</height>
						<texture fallback="DefaultVideo.png" background="true">$VAR[ShiftThumbVar]</texture>
						<bordertexture border="21">overlays/shadow.png</bordertexture>
						<bordersize>20</bordersize>
						<aspectratio>scale</aspectratio>
					</control>
					<control type="image">
						<left>30</left>
						<top>350</top>
						<width>70</width>
						<height>70</height>
						<texture>overlays/overlay-bg.png</texture>
						<visible>ListItem.IsResumable | Listitem.IsCollection | ListItem.IsPlaying | Integer.IsGreater(ListItem.Playcount,0)</visible>
					</control>
					<control type="image">
						<left>30</left>
						<top>390</top>
						<width>28</width>
						<height>28</height>
						<texture>$VAR[WallWatchedIconVar]</texture>
					</control>
				</focusedlayout>
			</control>
		</control>
	</control>
	<control type="scrollbar" id="60">
			<bottom>0</bottom>
			<height>12</height>
			<width>100%</width>
			<orientation>horizontal</orientation>
			<texturesliderbackground />
			<onup>510</onup>
			<ondown>510</ondown>
			<visible>Control.IsVisible(510)</visible>
		</control>
	</include>
</includes>