<?xml version="1.0" encoding="UTF-8"?>
<window>
	<onload>RunScript(script.skinshortcuts,type=buildxml&amp;mainmenuID=9000&amp;group=mainmenu)</onload>
	<onload>Skin.SetBool(SkinHelper.EnableExtendedArt)</onload>
	<onload>Skin.SetBool(SkinHelper.EnableMusicArt)</onload>
	<onload>Skin.SetBool(SkinHelper.EnableAddonsLookups)</onload>
	<onunload>ClearProperty(SkinHelper.WidgetContainer,Home)</onunload>
	<defaultcontrol>9000</defaultcontrol>
	<backgroundcolor>background</backgroundcolor>
	<controls>

		<control type="button" id="20000">
			<include>HiddenObject</include>
			<animation effect="fade" time="300" start="100" end="0">Focus</animation>
			<onfocus>SetFocus(2000)</onfocus>
			<onclick>noop</onclick>
			<visible allowhiddenfocus="true">Control.HasFocus(20000)</visible>
		</control>
		<control type="button" id="20001">
			<include>HiddenObject</include>
			<animation effect="fade" time="300" start="100" end="0">Focus</animation>
			<onfocus>SetFocus(2000)</onfocus>
			<onclick>noop</onclick>
			<visible allowhiddenfocus="true">Control.HasFocus(20001)</visible>
		</control>
		 <include>DefaultBackground</include>
		 <!-- Set Global MultiImage Background  -->
		<control type="multiimage">
			<depth>DepthBackground</depth>
			<include>FullScreenDimensions</include>
			<aspectratio>scale</aspectratio>
			<fadetime>600</fadetime>
			<animation effect="zoom" center="auto" end="102,102" time="0" condition="Integer.IsGreater(System.StereoscopicMode,0)">conditional</animation>
			<animation effect="fade" start="0" end="100" time="400">WindowOpen</animation>
			<animation effect="fade" start="100" end="0" time="300">WindowClose</animation>
			<animation effect="fade" time="400">VisibleChange</animation>
			<imagepath background="true">$VAR[Label_SkinSetting_Backgrounds]</imagepath>
			<timeperimage>20000</timeperimage>
			<randomize>true</randomize>
			<visible>!Player.HasMedia</visible>
		</control>
		<!-- Skin Shortcuts Background  -->
		<control type="multiimage">
			<depth>DepthBackground</depth>
			<include>FullScreenDimensions</include>
			<aspectratio>scale</aspectratio>
			<fadetime>600</fadetime>
			<animation effect="zoom" center="auto" end="102,102" time="0" condition="Integer.IsGreater(System.StereoscopicMode,0)">conditional</animation>
			<animation effect="fade" start="0" end="100" time="400">WindowOpen</animation>
			<animation effect="fade" start="100" end="0" time="300">WindowClose</animation>
			<animation effect="fade" time="400">VisibleChange</animation>
			 <imagepath background="true">$VAR[SkinShortcutsBackgroundsVar]</imagepath> 
			<timeperimage>20000</timeperimage>
			<randomize>true</randomize>
			<visible>!Player.HasMedia</visible>
		</control>
		<!-- Overlay 1 -->
		<control type="image">
			<aspectratio>scale</aspectratio>
			<include>FullScreenDimensions</include>
			<depth>DepthBackground</depth>
			<texture>colors/white.png</texture>
			<colordiffuse>$VAR[Label_SkinSetting_BackgroundOverlay]</colordiffuse>
		</control>
		<!-- Overlay 2 -->
		<control type="image">
			<aspectratio>scale</aspectratio>
			<include>FullScreenDimensions</include>
			<depth>DepthBackground</depth>
			<texture>$VAR[Label_SkinSetting_WallpaperOverlay]</texture>
			<colordiffuse>$VAR[Label_SkinSetting_WallpaperOverlayColor]</colordiffuse>
		</control>
		<!-- Wiget Plot Panel -->
		<control type="image">
			<left>240</left>
			<top>-40</top>
			<width>80%</width>
			<height>440</height>
			<texture>curial/buttons/button-nofo.png</texture>
			<colordiffuse>99000000</colordiffuse>
			<visible>Skin.HasSetting(ShowPlotOnWidgets) + Skin.HasSetting(ShowPanelBehindPlot)</visible>
			<visible>Control.HasFocus(210)</visible> 
			<visible>!Skin.HasSetting(HideWidgets)</visible> 
		</control>
		<control type="image">
			<left>-80</left>
			<top>140</top>
			<width>95%</width>
			<height>400</height>
			<texture>curial/buttons/button-nofo.png</texture>
			<colordiffuse>99000000</colordiffuse>
			<visible>Skin.HasSetting(ShowPlotOnWidgets) + Skin.HasSetting(ShowPanelBehindPlot)</visible>
			<visible>Control.HasFocus(208)</visible> 
			<visible>!Skin.HasSetting(HideWidgets)</visible> 
		</control>

		<control type="group">
			<animation effect="fade" start="100" end="0" time="200" tween="sine" condition="$EXP[infodialog_active]">Conditional</animation>
			<control type="group" id="2000">
				<left>462</left>
				<animation type="Conditional" condition="Control.IsVisible(20000)" reversible="false">
					<effect type="slide" end="0,20" time="60" tween="sine" />
					<effect type="slide" end="0,-20" time="180" tween="sine" delay="80" />
				</animation>
				<animation type="Conditional" condition="Control.IsVisible(20001)" reversible="false">
					<effect type="slide" end="0,-20" time="60" tween="sine" />
					<effect type="slide" end="0,20" time="180" tween="sine" delay="80" />
				</animation>
				<include>OpenClose_Right</include>
				<control type="group" id="5000">
					<visible>String.IsEqual(Container(9000).ListItem.Property(id),movies)</visible>
					<include content="Visible_Right_Delayed">
						<param name="id" value="movies"/>
					</include>
					<control type="grouplist" id="5001">
						<include>WidgetGroupListCommon</include>
						<include content="WidgetListCategories" condition="Library.HasContent(movies)">
							<param name="content_path" value="library://video/movies/"/>
							<param name="widget_header" value="$LOCALIZE[31148]"/>
							<param name="widget_target" value="videos"/>
							<param name="list_id" value="5900"/>
						</include>
						<include content="WidgetListPoster" condition="Library.HasContent(movies)">
							<param name="content_path" value="special://skin/playlists/inprogress_movies.xsp"/>
							<param name="widget_header" value="$LOCALIZE[31010]"/>
							<param name="widget_target" value="videos"/>
							<param name="list_id" value="5100"/>
						</include>
						<include content="WidgetListPoster" condition="Library.HasContent(movies)">
							<param name="content_path" value="special://skin/playlists/recent_unwatched_movies.xsp"/>
							<param name="widget_header" value="$LOCALIZE[20386]"/>
							<param name="widget_target" value="videos"/>
							<param name="list_id" value="5200"/>
						</include>
						<include content="WidgetListPoster" condition="Library.HasContent(movies)">
							<param name="content_path" value="special://skin/playlists/unwatched_movies.xsp"/>
							<param name="widget_header" value="$LOCALIZE[31007]"/>
							<param name="widget_target" value="videos"/>
							<param name="list_id" value="5300"/>
						</include>
						<include content="WidgetListPoster" condition="Library.HasContent(movies)">
							<param name="content_path" value="special://skin/playlists/random_movies.xsp"/>
							<param name="widget_header" value="$LOCALIZE[31006]"/>
							<param name="widget_target" value="videos"/>
							<param name="list_id" value="5400"/>
						</include>
						<include content="WidgetListCategories" condition="Library.HasContent(movies)">
							<param name="content_path" value="videodb://movies/genres/"/>
							<param name="widget_header" value="$LOCALIZE[135]"/>
							<param name="widget_target" value="videos"/>
							<param name="list_id" value="5500"/>
							<param name="icon" value="$VAR[WidgetGenreIconVar]"/>
							<param name="icon_height" value="70"/>
						</include>
						<include content="WidgetListPoster" condition="Library.HasContent(movies)">
							<param name="content_path" value="videodb://movies/sets/"/>
							<param name="widget_header" value="$LOCALIZE[31075]"/>
							<param name="widget_target" value="videos"/>
							<param name="sortby" value="random"/>
							<param name="list_id" value="5600"/>
						</include>
					</control>
					<include content="ImageWidget" condition="!Library.HasContent(movies)">
						<param name="text_label" value="$LOCALIZE[31104]" />
						<param name="button_label" value="$LOCALIZE[31110]" />
						<param name="button_onclick" value="ActivateWindow(videos,files,return)"/>
						<param name="button_id" value="5500"/>
						<param name="button2_onclick" value="Skin.SetBool(HomeMenuNoMovieButton)"/>
					</include>
				</control>
				<control type="group" id="6000">
					<visible>String.IsEqual(Container(9000).ListItem.Property(id),tvshows)</visible>
					<include content="Visible_Right_Delayed">
						<param name="id" value="tvshows"/>
					</include>
					<control type="grouplist" id="6001">
						<include>WidgetGroupListCommon</include>
						<include content="WidgetListCategories" condition="Library.HasContent(tvshows)">
							<param name="content_path" value="library://video/tvshows/"/>
							<param name="widget_header" value="$LOCALIZE[31148]"/>
							<param name="widget_target" value="videos"/>
							<param name="list_id" value="6900"/>
						</include>
						<include content="WidgetListPoster" condition="Library.HasContent(tvshows)">
							<param name="content_path" value="videodb://inprogresstvshows"/>
							<param name="sortby" value="lastplayed"/>
							<param name="sortorder" value="descending"/>
							<param name="widget_header" value="$LOCALIZE[626]"/>
							<param name="widget_target" value="videos"/>
							<param name="list_id" value="6100"/>
						</include>
						<include content="WidgetListEpisodes" condition="Library.HasContent(tvshows)">
							<param name="content_path" value="special://skin/playlists/recent_unwatched_episodes.xsp"/>
							<param name="widget_header" value="$LOCALIZE[20387]"/>
							<param name="widget_target" value="videos"/>
							<param name="list_id" value="6200"/>
						</include>
						<include content="WidgetListPoster" condition="Library.HasContent(tvshows)">
							<param name="content_path" value="special://skin/playlists/unwatched_tvshows.xsp"/>
							<param name="widget_header" value="$LOCALIZE[31122]"/>
							<param name="widget_target" value="videos"/>
							<param name="list_id" value="6300"/>
						</include>
						<include content="WidgetListCategories" condition="Library.HasContent(tvshows)">
							<param name="content_path" value="videodb://tvshows/genres/"/>
							<param name="widget_header" value="$LOCALIZE[135]"/>
							<param name="widget_target" value="videos"/>
							<param name="list_id" value="6400"/>
							<param name="icon" value="$VAR[WidgetGenreIconVar]"/>
							<param name="icon_height" value="70"/>
						</include>
						<include content="WidgetListCategories" condition="Library.HasContent(tvshows)">
							<param name="content_path" value="videodb://tvshows/studios/"/>
							<param name="widget_header" value="$LOCALIZE[20388]"/>
							<param name="widget_target" value="videos"/>
							<param name="list_id" value="6500"/>
							<param name="icon" value="$VAR[WidgetStudioIconVar]"/>
							<param name="icon_height" value="70"/>
						</include>
					</control>
					<include content="ImageWidget" condition="!Library.HasContent(tvshows)">
						<param name="text_label" value="$LOCALIZE[31104]" />
						<param name="button_label" value="$LOCALIZE[31110]" />
						<param name="button_onclick" value="ActivateWindow(videos,files,return)"/>
						<param name="button_id" value="6400"/>
						<param name="button2_onclick" value="Skin.SetBool(HomeMenuNoTVShowButton)"/>
					</include>
				</control>
				<control type="group" id="7000">
					<visible>String.IsEqual(Container(9000).ListItem.Property(id),music)</visible>
					<include content="Visible_Right_Delayed">
						<param name="id" value="music"/>
					</include>
					<control type="grouplist" id="7001">
						<include>WidgetGroupListCommon</include>
						<include content="WidgetListCategories" condition="Library.HasContent(music)">
							<param name="content_path" value="library://music/"/>
							<param name="widget_header" value="$LOCALIZE[31148]"/>
							<param name="widget_target" value="music"/>
							<param name="list_id" value="7900"/>
						</include>
						<include content="WidgetListSquare" condition="Library.HasContent(music)">
							<param name="content_path" value="musicdb://recentlyplayedalbums"/>
							<param name="widget_header" value="$LOCALIZE[517]"/>
							<param name="widget_target" value="music"/>
							<param name="list_id" value="7100"/>
							<param name="fallback_icon" value="DefaultMusicAlbums.png"/>
						</include>
						<include content="WidgetListSquare" condition="Library.HasContent(music)">
							<param name="content_path" value="musicdb://recentlyaddedalbums/"/>
							<param name="widget_header" value="$LOCALIZE[359]"/>
							<param name="widget_target" value="music"/>
							<param name="list_id" value="7200"/>
							<param name="fallback_icon" value="DefaultMusicAlbums.png"/>
						</include>
						<include content="WidgetListSquare" condition="Library.HasContent(music)">
							<param name="content_path" value="special://skin/playlists/random_albums.xsp"/>
							<param name="widget_header" value="$LOCALIZE[31012]"/>
							<param name="widget_target" value="music"/>
							<param name="list_id" value="7300"/>
							<param name="fallback_icon" value="DefaultMusicAlbums.png"/>
						</include>
						<include content="WidgetListSquare" condition="Library.HasContent(music)">
							<param name="content_path" value="special://skin/playlists/random_artists.xsp"/>
							<param name="widget_header" value="$LOCALIZE[31013]"/>
							<param name="widget_target" value="music"/>
							<param name="list_id" value="7400"/>
							<param name="fallback_icon" value="DefaultMusicArtists.png"/>
						</include>
						<include content="WidgetListSquare" condition="Library.HasContent(music)">
							<param name="content_path" value="special://skin/playlists/unplayed_albums.xsp"/>
							<param name="widget_header" value="$LOCALIZE[31014]"/>
							<param name="widget_target" value="music"/>
							<param name="list_id" value="7500"/>
							<param name="fallback_icon" value="DefaultMusicAlbums.png"/>
						</include>
						<include content="WidgetListSquare" condition="Library.HasContent(music)">
							<param name="content_path" value="special://skin/playlists/mostplayed_albums.xsp"/>
							<param name="widget_header" value="$LOCALIZE[31011]"/>
							<param name="widget_target" value="music"/>
							<param name="list_id" value="7600"/>
							<param name="fallback_icon" value="DefaultMusicAlbums.png"/>
							<param name="sortby" value="playcount"/>
							<param name="sortorder" value="descending"/>
						</include>
					</control>
					<include content="ImageWidget" condition="!Library.HasContent(music)">
						<param name="text_label" value="$LOCALIZE[31104]" />
						<param name="button_label" value="$LOCALIZE[31110]" />
						<param name="button_onclick" value="ActivateWindow(music,files)"/>
						<param name="button_id" value="7600"/>
						<param name="button2_onclick" value="Skin.SetBool(HomeMenuNoMusicButton)"/>
					</include>
				</control>
				<control type="group" id="8000">
					<visible>String.IsEqual(Container(9000).ListItem.Property(id),addons)</visible>
					<include content="Visible_Right_Delayed">
						<param name="id" value="addons"/>
					</include>
					<control type="grouplist" id="8001">
						<include>WidgetGroupListCommon</include>
						<include content="WidgetListCategories">
							<param name="widget_header" value="$LOCALIZE[31148]"/>
							<param name="list_id" value="8900"/>
							<param name="visible" value="Integer.IsGreater(Container(8100).NumItems,0) | Integer.IsGreater(Container(8200).NumItems,0) | Integer.IsGreater(Container(8300).NumItems,0) | Integer.IsGreater(Container(8400).NumItems,0) | Integer.IsGreater(Container(8500).NumItems,0)"/>
							<param name="addon_submenu" value="true"/>
						</include>
						<include content="WidgetListSquare">
							<param name="content_path" value="addons://sources/video/"/>
							<param name="widget_header" value="$LOCALIZE[1037]"/>
							<param name="widget_target" value="videos"/>
							<param name="sortby" value="lastused"/>
							<param name="sortorder" value="descending"/>
							<param name="list_id" value="8100"/>
							<param name="fallback_icon" value="DefaultAddon.png"/>
						</include>
						<include content="WidgetListSquare">
							<param name="content_path" value="addons://sources/audio/"/>
							<param name="widget_header" value="$LOCALIZE[1038]"/>
							<param name="widget_target" value="music"/>
							<param name="sortby" value="lastused"/>
							<param name="sortorder" value="descending"/>
							<param name="list_id" value="8200"/>
							<param name="fallback_icon" value="DefaultAddon.png"/>
						</include>
						<include content="WidgetListSquare">
							<param name="content_path" value="addons://sources/executable/"/>
							<param name="widget_header" value="$LOCALIZE[1043]"/>
							<param name="widget_target" value="programs"/>
							<param name="sortby" value="lastused"/>
							<param name="sortorder" value="descending"/>
							<param name="list_id" value="8300"/>
							<param name="fallback_icon" value="DefaultAddon.png"/>
						</include>
						<include content="WidgetListSquare" condition="System.Platform.Android">
							<param name="content_path" value="androidapp://sources/apps/"/>
							<param name="widget_header" value="$LOCALIZE[20244]"/>
							<param name="widget_target" value="programs"/>
							<param name="sortby" value="lastused"/>
							<param name="sortorder" value="descending"/>
							<param name="list_id" value="8400"/>
							<param name="fallback_icon" value="DefaultAddon.png"/>
						</include>
						<include content="WidgetListSquare">
							<param name="content_path" value="addons://sources/image/"/>
							<param name="widget_header" value="$LOCALIZE[1039]"/>
							<param name="widget_target" value="pictures"/>
							<param name="sortby" value="lastused"/>
							<param name="sortorder" value="descending"/>
							<param name="list_id" value="8500"/>
						</include>
					</control>
					<include content="ImageWidget">
						<param name="text_label" value="$LOCALIZE[31119]" />
						<param name="button_label" value="$LOCALIZE[31118]" />
						<param name="button_onclick" value="ActivateWindow(addonbrowser)"/>
						<param name="button_id" value="8600"/>
						<param name="visible" value="!Integer.IsGreater(Container(8001).NumItems,0)"/>
						<param name="button2_onclick" value="Skin.SetBool(HomeMenuNoProgramsButton)"/>
					</include>
				</control>
				<control type="group" id="11000">
					<visible>String.IsEqual(Container(9000).ListItem.Property(id),video)</visible>
					<include content="Visible_Right_Delayed">
						<param name="id" value="video"/>
					</include>
					<control type="grouplist" id="11001">
						<include>WidgetGroupListCommon</include>
						<include content="WidgetListCategories">
							<param name="content_path" value="library://video/"/>
							<param name="widget_header" value="$LOCALIZE[31148]"/>
							<param name="widget_target" value="videos"/>
							<param name="list_id" value="11900"/>
						</include>
						<include content="WidgetListCategories">
							<param name="content_path" value="sources://video/"/>
							<param name="widget_header" value="$LOCALIZE[20094]"/>
							<param name="widget_target" value="videos"/>
							<param name="list_id" value="11100"/>
						</include>
						<include content="WidgetListCategories">
							<param name="content_path" value="special://videoplaylists/"/>
							<param name="widget_header" value="$LOCALIZE[136]"/>
							<param name="widget_target" value="videos"/>
							<param name="list_id" value="11200"/>
							<param name="icon" value="DefaultPlaylist.png"/>
						</include>
					</control>
					<include content="ImageWidget">
						<param name="text_label" value="$LOCALIZE[31105]" />
						<param name="button_label" value="$LOCALIZE[31110]" />
						<param name="button_onclick" value="ActivateWindow(videos,root)"/>
						<param name="button_id" value="11300"/>
						<param name="visible" value="!Integer.IsGreater(Container(11001).NumItems,0)"/>
						<param name="button2_onclick" value="Skin.SetBool(HomeMenuNoVideosButton)"/>
					</include>
				</control>
				<control type="group" id="12000">
					<visible>String.IsEqual(Container(9000).ListItem.Property(id),livetv)</visible>
					<include content="Visible_Right_Delayed">
						<param name="id" value="livetv"/>
					</include>
					<control type="grouplist" id="12001">
						<include>WidgetGroupListCommon</include>
						<control type="grouplist" id="12855">
							<height>390</height>
							<left>0</left>
							<right>0</right>
							<top>36</top>
							<orientation>horizontal</orientation>
							<visible>PVR.IsRecordingTV | PVR.HasNonRecordingTVTimer</visible>
							<align>center</align>
							<control type="group">
								<width>674</width>
								<visible>PVR.IsRecordingTV</visible>
								<include content="PVRWidget">
									<param name="icon" value="$INFO[PVR.TVNowRecordingChannelIcon]" />
									<param name="header" value="$LOCALIZE[19158]" />
									<param name="label1" value="$INFO[PVR.TVNowRecordingDateTime]" />
									<param name="label2" value="$INFO[PVR.TVNowRecordingTitle][CR][COLOR=grey]$INFO[PVR.TVNowRecordingChannel][/COLOR]" />
								</include>
							</control>
							<control type="group">
								<width>674</width>
								<visible>PVR.HasNonRecordingTVTimer</visible>
								<include content="PVRWidget">
									<param name="icon" value="$INFO[PVR.TVNextRecordingChannelIcon]" />
									<param name="header" value="$LOCALIZE[19157]" />
									<param name="label1" value="$INFO[PVR.TVNextRecordingDateTime]" />
									<param name="label2" value="$INFO[PVR.TVNextRecordingTitle][CR][COLOR=grey]$INFO[PVR.TVNextRecordingChannel][/COLOR]" />
								</include>
							</control>
						</control>
						<include content="WidgetListCategories" condition="System.HasPVRAddon">
							<param name="widget_header" value="$LOCALIZE[31148]"/>
							<param name="list_id" value="12900"/>
							<param name="pvr_submenu" value="true"/>
							<param name="pvr_type" value="TV"/>
						</include>
						<include content="WidgetListChannels" condition="System.HasPVRAddon">
							<param name="content_path" value="pvr://channels/tv/*?view=lastplayed"/>
							<param name="sortby" value="lastplayed"/>
							<param name="sortorder" value="descending"/>
							<param name="widget_header" value="$LOCALIZE[31016]"/>
							<param name="widget_target" value="pvr"/>
							<param name="list_id" value="12200"/>
						</include>
						<include content="WidgetListChannels" condition="System.HasPVRAddon">
							<param name="content_path" value="pvr://recordings/tv/active?view=flat"/>
							<param name="sortby" value="date"/>
							<param name="sortorder" value="descending"/>
							<param name="widget_header" value="$LOCALIZE[31015]"/>
							<param name="widget_target" value="pvr"/>
							<param name="list_id" value="12300"/>
							<param name="label" value="$INFO[ListItem.ChannelName]"/>
							<param name="label2" value="$INFO[ListItem.Title]$INFO[ListItem.EpisodeName, (,)]"/>
						</include>
					</control>
					<include content="ImageWidget" condition="!System.HasPVRAddon">
						<param name="text_label" value="$LOCALIZE[31143]" />
						<param name="button_label" value="$LOCALIZE[31144]" />
						<param name="button_onclick" value="ActivateWindow(addonbrowser,addons://user/xbmc.pvrclient,return)"/>
						<param name="button_id" value="12400"/>
						<param name="button2_onclick" value="Skin.SetBool(HomeMenuNoTVButton)"/>
					</include>
				</control>
				<control type="group" id="13000">
					<visible>String.IsEqual(Container(9000).ListItem.Property(id),radio)</visible>
					<include content="Visible_Right_Delayed">
						<param name="id" value="radio"/>
					</include>
					<control type="grouplist" id="13001">
						<include>WidgetGroupListCommon</include>
						<control type="grouplist" id="13855">
							<height>390</height>
							<left>25</left>
							<top>36</top>
							<orientation>horizontal</orientation>
							<align>right</align>
							<width>1360</width>
							<visible>PVR.IsRecordingRadio | PVR.HasNonRecordingRadioTimer</visible>
							<control type="group">
								<width>680</width>
								<visible>PVR.IsRecordingRadio</visible>
								<include content="PVRWidget">
									<param name="icon" value="$INFO[PVR.RadioNowRecordingChannelIcon]" />
									<param name="header" value="$LOCALIZE[19158]" />
									<param name="label1" value="$INFO[PVR.RadioNowRecordingDateTime]" />
									<param name="label2" value="$INFO[PVR.RadioNowRecordingTitle][CR][COLOR=grey]$INFO[PVR.RadioNowRecordingChannel][/COLOR]" />
								</include>
							</control>
							<control type="group">
								<visible>PVR.HasNonRecordingRadioTimer</visible>
								<width>680</width>
								<include content="PVRWidget">
									<param name="icon" value="$INFO[PVR.RadioNextRecordingChannelIcon]" />
									<param name="header" value="$LOCALIZE[19157]" />
									<param name="label1" value="$INFO[PVR.RadioNextRecordingDateTime]" />
									<param name="label2" value="$INFO[PVR.RadioNextRecordingTitle][CR][COLOR=grey]$INFO[PVR.RadioNextRecordingChannel][/COLOR]" />
								</include>
							</control>
						</control>
						<include content="WidgetListCategories" condition="System.HasPVRAddon">
							<param name="widget_header" value="$LOCALIZE[31148]"/>
							<param name="list_id" value="13900"/>
							<param name="pvr_submenu" value="true"/>
							<param name="pvr_type" value="Radio"/>
						</include>
						<include content="WidgetListChannels" condition="System.HasPVRAddon">
							<param name="content_path" value="pvr://channels/radio/*?view=lastplayed"/>
							<param name="sortby" value="lastplayed"/>
							<param name="sortorder" value="descending"/>
							<param name="widget_header" value="$LOCALIZE[31018]"/>
							<param name="widget_target" value="files"/>
							<param name="list_id" value="13200"/>
						</include>
						<include content="WidgetListChannels" condition="System.HasPVRAddon">
							<param name="content_path" value="pvr://recordings/radio/active?view=flat"/>
							<param name="sortby" value="date"/>
							<param name="sortorder" value="descending"/>
							<param name="widget_header" value="$LOCALIZE[31015]"/>
							<param name="widget_target" value="pvr"/>
							<param name="list_id" value="13300"/>
							<param name="label" value="$INFO[ListItem.ChannelName]"/>
							<param name="label2" value="$INFO[ListItem.Title]$INFO[ListItem.EpisodeName, (,)]"/>
						</include>
					</control>
					<include content="ImageWidget" condition="!System.HasPVRAddon">
						<param name="text_label" value="$LOCALIZE[31143]" />
						<param name="button_label" value="$LOCALIZE[31144]" />
						<param name="button_onclick" value="ActivateWindow(addonbrowser,addons://user/xbmc.pvrclient,return)"/>
						<param name="button_id" value="13400"/>
						<param name="button2_onclick" value="Skin.SetBool(HomeMenuNoRadioButton)"/>
					</include>
				</control>
				<control type="group" id="14000">
					<visible>String.IsEqual(Container(9000).ListItem.Property(id),favorites)</visible>
					<include content="Visible_Right_Delayed">
						<param name="id" value="favorites"/>
					</include>
					<control type="panel" id="14100">
						<left>65</left>
						<top>0</top>
						<right>0</right>
						<bottom>0</bottom>
						<onleft>9000</onleft>
						<onright>9000</onright>
						<onup>14100</onup>
						<ondown>14100</ondown>
						<onclick>$INFO[ListItem.FileNameAndPath]</onclick>
						<preloaditems>2</preloaditems>
						<scrolltime tween="cubic" easing="out">500</scrolltime>
						<orientation>vertical</orientation>
						<!-- <visible>Integer.IsGreater(Container(14100).NumItems,0) | Container(14100).IsUpdating</visible> -->
						<itemlayout width="330" height="396">
							<control type="group">
								<top>130</top>
								<include content="InfoWallMusicLayout">
									<param name="fallback_image" value="DefaultFavourites.png" />
									<param name="focused" value="false" />
								</include>
							</control>
						</itemlayout>
						<focusedlayout width="330" height="396">
							<control type="group">
								<depth>DepthContentPopout</depth>
								<top>130</top>
								<animation effect="zoom" start="100" end="110" time="200" tween="sine" easing="inout" center="170,320">Focus</animation>
								<animation effect="zoom" start="110" end="100" time="200" tween="sine" easing="inout" center="170,320">UnFocus</animation>
								<include content="InfoWallMusicLayout">
									<param name="fallback_image" value="DefaultFavourites.png" />
									<param name="focused" value="true" />
								</include>
							</control>
						</focusedlayout>
						<content>favourites://</content>
					</control>
					<include content="ImageWidget">
						<param name="text_label" value="$LOCALIZE[31025]" />
						<param name="button_label" value="$LOCALIZE[31116]" />
						<param name="button_onclick" value=""/>
						<param name="button_id" value="5500"/>
						<param name="visible" value="!Integer.IsGreater(Container(14100).NumItems,0) + !Container(14100).IsUpdating"/>
						<param name="visible_1" value="false"/>
						<param name="button2_onclick" value="Skin.SetBool(HomeMenuNoFavButton)"/>
					</include>
				</control>
				<control type="group" id="15000">
					<visible>String.IsEqual(Container(9000).ListItem.Property(id),weather)</visible>
					<include content="Visible_Right_Delayed">
						<param name="id" value="weather"/>
					</include>
					<control type="grouplist" id="15001">
						<include>WidgetGroupListCommon</include>
						<control type="group" id="16678">
							<description>Weather info</description>
							<left>68</left>
							<right>70</right>
							<top>102</top>
							<height>300</height>
							<visible>!String.IsEmpty(Weather.plugin)</visible>
							<control type="image">
								<bottom>90</bottom>
								<width>100%</width>
								<texture border="21">dialogs/dialog-bg.png</texture>
							</control>
							<control type="label">
								<left>840</left>
								<top>60</top>
								<aligny>center</aligny>
								<height>24</height>
								<right>60</right>
								<align>right</align>
								<font>font30_title</font>
								<label>$INFO[Weather.Location]</label>
							</control>
							<control type="label">
								<left>840</left>
								<top>120</top>
								<aligny>center</aligny>
								<height>24</height>
								<right>60</right>
								<align>right</align>
								<font>font14</font>
								<label>$INFO[Weather.Conditions,, ∙ ]$INFO[Weather.Temperature]</label>
							</control>
							<control type="grouplist">
								<top>50</top>
								<left>50</left>
								<right>20</right>
								<orientation>horizontal</orientation>
								<align>left</align>
								<itemgap>-110</itemgap>
								<include content="WeatherIcon" condition="!String.IsEmpty(Weather.Plugin)">
									<param name="label" value="Window(weather).Property(Current.Wind)" />
									<param name="texture" value="icons/weather/wind.png" />
									<param name="header" value="404" />
								</include>
								<include content="WeatherIcon" condition="!String.IsEmpty(Weather.Plugin)">
									<param name="label" value="Window(weather).Property(Current.Humidity)" />
									<param name="texture" value="icons/weather/humidity.png" />
									<param name="header" value="406" />
								</include>
								<include content="WeatherIcon" condition="!String.IsEmpty(Weather.Plugin)">
									<param name="label" value="Window(weather).Property(Current.Precipitation)" />
									<param name="texture" value="icons/weather/rain.png" />
									<param name="header" value="33021" />
								</include>
								<include content="WeatherIcon" condition="!String.IsEmpty(Weather.Plugin)">
									<param name="label" value="Window(weather).Property(Today.Sunrise)" />
									<param name="texture" value="icons/weather/sunrise.png" />
									<param name="header" value="405" />
								</include>
								<include content="WeatherIcon" condition="!String.IsEmpty(Weather.Plugin)">
									<param name="label" value="Window(weather).Property(Today.Sunset)" />
									<param name="texture" value="icons/weather/sunset.png" />
									<param name="header" value="403" />
								</include>
							</control>
						</control>
						<include content="WeatherWidget" condition="!String.IsEmpty(Weather.Plugin)">
							<param name="content_include" value="DailyItems" />
							<param name="list_id" value="15200" />
							<param name="widget_header" value="$LOCALIZE[31019]"/>
							<param name="visible" value="!String.IsEmpty(Window(weather).Property(Daily.IsFetched))" />
						</include>
						<include content="WeatherWidget" condition="!String.IsEmpty(Weather.Plugin)">
							<param name="content_include" value="HourlyItems" />
							<param name="list_id" value="15100" />
							<param name="widget_header" value="$LOCALIZE[33036]"/>
							<param name="visible" value="!String.IsEmpty(Window(weather).Property(Hourly.IsFetched))" />
						</include>
					</control>
					<include content="ImageWidget" condition="String.IsEmpty(Weather.plugin)">
						<param name="text_label" value="$LOCALIZE[31120]" />
						<param name="button_label" value="$LOCALIZE[31121]" />
						<param name="button_onclick" value="ActivateWindow(servicesettings,weather)"/>
						<param name="button_id" value="15300"/>
						<param name="button2_onclick" value="Skin.SetBool(HomeMenuNoWeatherButton)"/>
					</include>
				</control>
				<control type="group" id="16000">
					<visible>String.IsEqual(Container(9000).ListItem.Property(id),musicvideos)</visible>
					<include content="Visible_Right_Delayed">
						<param name="id" value="musicvideos"/>
					</include>
					<control type="grouplist" id="16001">
						<include>WidgetGroupListCommon</include>
						<include content="WidgetListCategories" condition="Library.HasContent(musicvideos)">
							<param name="content_path" value="library://music/musicvideos/"/>
							<param name="widget_header" value="$LOCALIZE[31148]"/>
							<param name="widget_target" value="videos"/>
							<param name="list_id" value="16900"/>
						</include>
						<include content="WidgetListEpisodes" condition="Library.HasContent(musicvideos)">
							<param name="content_path" value="videodb://recentlyaddedmusicvideos/"/>
							<param name="widget_header" value="$LOCALIZE[20390]"/>
							<param name="widget_target" value="videos"/>
							<param name="main_label" value="$INFO[ListItem.Label]" />
							<param name="sub_label" value="$INFO[ListItem.Artist]" />
							<param name="thumb_label" value="$INFO[ListItem.Year]" />
							<param name="fallback_image" value="DefaultMusicSongs.png" />
							<param name="list_id" value="16300"/>
						</include>
						<include content="WidgetListEpisodes" condition="Library.HasContent(musicvideos)">
							<param name="content_path" value="special://skin/playlists/unwatched_musicvideos.xsp"/>
							<param name="widget_header" value="$LOCALIZE[31151]"/>
							<param name="widget_target" value="videos"/>
							<param name="main_label" value="$INFO[ListItem.Label]" />
							<param name="sub_label" value="$INFO[ListItem.Artist]" />
							<param name="thumb_label" value="$INFO[ListItem.Year]" />
							<param name="fallback_image" value="DefaultMusicSongs.png" />
							<param name="list_id" value="16400"/>
						</include>
						<include content="WidgetListSquare" condition="Library.HasContent(musicvideos)">
							<param name="content_path" value="special://skin/playlists/random_musicvideo_artists.xsp"/>
							<param name="widget_header" value="$LOCALIZE[31013]"/>
							<param name="widget_target" value="music"/>
							<param name="list_id" value="16200"/>
							<param name="widget_limit" value="10"/>
						</include>
						<include content="WidgetListEpisodes" condition="Library.HasContent(musicvideos)">
							<param name="content_path" value="special://skin/playlists/random_musicvideos.xsp"/>
							<param name="widget_header" value="$LOCALIZE[31152]"/>
							<param name="widget_target" value="videos"/>
							<param name="main_label" value="$INFO[ListItem.Label]" />
							<param name="sub_label" value="$INFO[ListItem.Artist]" />
							<param name="thumb_label" value="$INFO[ListItem.Year]" />
							<param name="fallback_image" value="DefaultMusicSongs.png" />
							<param name="list_id" value="16500"/>
						</include>
						<include content="WidgetListCategories" condition="Library.HasContent(musicvideos)">
							<param name="content_path" value="videodb://musicvideos/studios/"/>
							<param name="widget_header" value="$LOCALIZE[20388]"/>
							<param name="widget_target" value="music"/>
							<param name="list_id" value="16600"/>
							<param name="icon" value="$VAR[WidgetStudioIconVar]"/>
							<param name="icon_height" value="70"/>
						</include>
					</control>
					<include content="ImageWidget" condition="!Library.HasContent(musicvideos)">
						<param name="text_label" value="$LOCALIZE[31104]" />
						<param name="button_label" value="$LOCALIZE[31110]" />
						<param name="button_onclick" value="ActivateWindow(videos,files,return)"/>
						<param name="button_id" value="16800"/>
						<param name="button2_onclick" value="Skin.SetBool(HomeMenuNoMusicVideoButton)"/>
					</include>
				</control>
				<control type="group" id="4000">
					<visible>String.IsEqual(Container(9000).ListItem.Property(id),pictures)</visible>
					<include content="Visible_Right_Delayed">
						<param name="id" value="pictures"/>
					</include>
					<control type="grouplist" id="4001">
						<include>WidgetGroupListCommon</include>
						<include content="WidgetListCategories" condition="!Skin.HasSetting(HomeMenuNoPicturesButton)">
							<param name="content_path" value="sources://pictures/"/>
							<param name="widget_header" value="$LOCALIZE[20094]"/>
							<param name="widget_target" value="pictures"/>
							<param name="list_id" value="4100"/>
						</include>
					</control>
				</control>
				<control type="group" id="21000">
					<visible>String.IsEqual(Container(9000).ListItem.Property(id),disc)</visible>
					<include content="Visible_Right_Delayed">
						<param name="id" value="disc"/>
					</include>
					<include content="ImageWidget">
						<param name="text_label" value="$INFO[System.DVDLabel]" />
						<param name="button_label" value="$LOCALIZE[341]" />
						<param name="button_onclick" value="PlayDisc"/>
						<param name="button_id" value="21100"/>
						<param name="visible" value="true"/>
						<param name="button2_label" value="$LOCALIZE[13391]"/>
						<param name="button2_onclick" value="EjectTray()"/>
					</include>
				</control>
			</control>
			<control type="group">
				
			<!-- ////////////////////////////////////////////////////////////////////////////////////////////////////////////////////////////////////////////////////////////////////-->				

					<!-- Widget Large Posters  -->

					<control type="wraplist" id="210">
						<visible>!Skin.HasSetting(UseSmallWidgetPosters)</visible>
						<visible>!Skin.HasSetting(HideWidgets)</visible>
						<top>0</top>
						<left>50</left>
						<right>50</right>
						<onleft>210</onleft>
						<onright>210</onright>
						<onup>700</onup>
						<ondown>9000</ondown>
						<onback>9000</onback>
						<focusposition>2</focusposition>
						<scrolltime tween="cubic" easing="out">500</scrolltime>
						<orientation>horizontal</orientation>
					  <itemlayout width="300" height="390">
						<control type="image">
							<left>30</left>
							<top>330</top>
							<width>265</width>
							<height>390</height>
							<texture>$INFO[ListItem.Art(poster)]</texture>
						</control>
						<control type="image">
							<left>30</left>
							<top>330</top>
							<bottom>-30</bottom>
							<width>265</width>
							<height>390</height>
							<texture>overlays/overlayfade.png</texture>
						</control>
						<control type="label">
							<height>30</height>
							<width>240</width>
							<left>40</left>
							<bottom>-300</bottom>
							<label>$INFO[ListItem.Label]</label>
						</control>
						<control type="image">
							<left>30</left>
							<top>330</top>
							<width>265</width>
							<height>390</height>
							<texture border="15" colordiffuse="D6111111">buttons/thumbnail_focused.png</texture>
						</control>  
					</itemlayout>  
				   <focusedlayout width="300" height="390">  
				   		<control type="textbox">
							<left>-230</left>
							<top>60</top>
							<width>1200</width>
							<height>60</height>
							<font>fontMainMenu</font>
							<textcolor>button_focus</textcolor>
							<label>$INFO[ListItem.Label]</label>
							<visible>Skin.HasSetting(ShowPlotOnWidgets)</visible> 
							<visible>Control.HasFocus(210)</visible>
							<animation effect="fade" start="0" end="500" time="500" condition="Control.HasFocus(208) ">Conditional</animation>							
						</control>
				   		<control type="textbox">
							<left>-230</left>
							<top>125</top>
							<width>1200</width>
							<height>170</height>
							 <label>$INFO[ListItem.Tagline,[I],[/I][CR][CR]]$INFO[ListItem.Plot][CR][CR]</label> 
							<autoscroll delay="10000" time="3000" repeat="10000">Skin.HasSetting(autoscroll)</autoscroll>
							<animation effect="fade" start="0" end="500" time="500" condition="Control.HasFocus(208) ">Conditional</animation>							
							<visible>Skin.HasSetting(ShowPlotOnWidgets)</visible>
							<visible>Control.HasFocus(210)</visible>
						</control>
						<control type="image">
							<depth>DepthContentPopout</depth>
							<left>30</left>
							<top>330</top>
							<width>265</width>
							<height>390</height>
							<texture>$INFO[ListItem.Art(poster)]</texture>
							<texture colordiffuse="button_focus">colors/grey.png</texture>
						</control>
						<control type="image">
							<left>30</left>
							<bottom>-330</bottom>
							<width>265</width>
							<height>390</height>
							<texture colordiffuse="D6000000">overlays/overlayfade.png</texture>
						</control>
						<control type="label">
							<height>30</height>
							<width>240</width>
							<left>40</left>
							<bottom>-300</bottom>
							<label>$INFO[ListItem.Label]</label>
						</control>
						<control type="image">
							<left>30</left>
							<top>330</top>
							<width>265</width>
							<height>390</height>
							<texture border="15" colordiffuse="D6111111">buttons/thumbnail_focused.png</texture>
						</control> 
						<control type="image">
							<left>30</left>
							<top>330</top>
							<width>265</width>
							<height>390</height>
							<texture border="15" colordiffuse="button_focus">buttons/thumbnail_focused.png</texture>
							<visible>Control.HasFocus(210)</visible>
						</control>
					</focusedlayout> 
					<content limit="12" target="$INFO[Container(9000).ListItem.Property(widgetTarget)]">$INFO[Container(9000).ListItem.Property(widgetPath)]</content>
				</control>

				<!-- Widget Small Posters  -->

				<control type="panel" id="209">
						<visible>Skin.HasSetting(UseSmallWidgetPosters) + !Skin.HasSetting(ShowPlotOnWidgets)</visible>
						<visible>!Skin.HasSetting(HideWidgets)</visible>
						<top>180</top>
						<left>50</left>
						<width>100%</width>
						<height>600</height>
						<itemgap>30</itemgap>
						<onleft>210</onleft>
						<onright>210</onright>
						<onup>700</onup>
						<ondown>9000</ondown>
						<onback>9000</onback>
						<scrolltime tween="cubic" easing="out">500</scrolltime>
						<orientation>vertical</orientation>						
					  <itemlayout height="290" width="200">
						<control type="image">
							<left>30</left>
							<top>30</top>
							<width>175</width>
							<height>255</height>
							<texture>$INFO[ListItem.Art(poster)]</texture>
						</control>
						<control type="image">
							<left>30</left>
							<bottom>0</bottom>
							<width>175</width>
							<height>255</height>
							<texture>overlays/overlayfade.png</texture>
						</control>
						 <control type="label">
							<height>20</height>
							<width>160</width>
							<left>40</left>
							<bottom>20</bottom>
							<font>SmallWidget</font>
							<label>$INFO[ListItem.Label]</label>
						</control>   
						<control type="image">
							<left>27</left>
							<top>27</top>
							<width>180</width>
							<height>265</height>
							<texture border="15" colordiffuse="D6111111">buttons/thumbnail_focused.png</texture>
						</control>
					</itemlayout>  
				   <focusedlayout height="290" width="200">
						<control type="image">
							<depth>DepthContentPopout</depth>
							<left>30</left>
							<top>30</top>
							<width>175</width>
							<height>255</height>
							<texture>$INFO[ListItem.Art(poster)]</texture>
							<texture colordiffuse="button_focus">colors/grey.png</texture>
						</control>
						<control type="image">
							<left>30</left>
							<bottom>0</bottom>
							<width>175</width>
							<height>255</height>
							<texture colordiffuse="D6000000">overlays/overlayfade.png</texture>
						</control>
						<control type="label">
							<height>20</height>
							<width>160</width>
							<left>40</left>
							<bottom>20</bottom>
							<font>SmallWidget</font>
							<label>$INFO[ListItem.Label]</label>
						</control>
						<control type="image">
							<left>27</left>
							<top>27</top>
							<width>180</width>
							<height>265</height>
							<texture border="15" colordiffuse="D6111111">buttons/thumbnail_focused.png</texture>
						</control>
						<control type="image">
							<left>27</left>
							<top>27</top>
							<width>180</width>
							<height>265</height>
							<texture border="15" colordiffuse="button_focus">buttons/thumbnail_focused.png</texture>
							<visible>Control.HasFocus(209)</visible>
						</control>
					</focusedlayout> 
					<content limit="27" target="$INFO[Container(9000).ListItem.Property(widgetTarget)]">$INFO[Container(9000).ListItem.Property(widgetPath)]</content>
				</control>

				<!-- Small Posters with Plot -->

				<control type="wraplist" id="208">
						<visible>Skin.HasSetting(UseSmallWidgetPosters) + Skin.HasSetting(ShowPlotOnWidgets)</visible>
						<visible>!Skin.HasSetting(HideWidgets)</visible>
						<top>0</top>
						<left>50</left>
						<right>50</right>
						<onleft>210</onleft>
						<onright>210</onright>
						<onup>700</onup>
						<ondown>9000</ondown>
						<onback>9000</onback>
						<focusposition>3</focusposition>
						<scrolltime tween="cubic" easing="out">500</scrolltime>
						<orientation>horizontal</orientation>					
					  <itemlayout height="290" width="200">
						<control type="image">
							<left>30</left>
							<top>500</top>
							<width>175</width>
							<height>255</height>
							<texture>$INFO[ListItem.Art(poster)]</texture>
						</control>
						<control type="image">
							<top>500</top>
							<left>30</left>
							<bottom>0</bottom>
							<width>175</width>
							<height>255</height>
							<texture>overlays/overlayfade.png</texture>
						</control>
						 <control type="label">
						 	<top>705</top>
							<height>20</height>
							<width>160</width>
							<left>40</left>
							<font>SmallWidget</font>
							<label>$INFO[ListItem.Label]</label>
						</control>   
						<control type="image">
							<left>27</left>
							<top>500</top>
							<width>180</width>
							<height>255</height>
							<texture border="15" colordiffuse="D6111111">buttons/thumbnail_focused.png</texture>
						</control>
					</itemlayout>  
				   <focusedlayout height="290" width="200">
				   		<control type="textbox">
							<left>-535</left>
							<top>235</top>
							<width>1200</width>
							<height>60</height>
							<font>fontMainMenu</font>
							<textcolor>button_focus</textcolor>
							<label>$INFO[ListItem.Label]</label>
							<visible>Control.HasFocus(208)</visible>
						    <animation effect="fade" start="0" end="500" time="500" condition="Control.HasFocus(208) ">Conditional</animation>
						</control>
				   		<control type="textbox">
							<left>-535</left>
							<top>305</top>
							<width>1450</width>
							<height>170</height>
							 <label>$INFO[ListItem.Tagline,[I],[/I][CR][CR]]$INFO[ListItem.Plot][CR][CR]</label> 
							 <visible>Control.HasFocus(208)</visible>
							<autoscroll delay="10000" time="3000" repeat="10000">Skin.HasSetting(autoscroll)</autoscroll>
							<animation effect="fade" start="0" end="500" time="500" condition="Control.HasFocus(208) ">Conditional</animation>
						</control>						
						<control type="image">
							<depth>DepthContentPopout</depth>
							<left>30</left>
							<top>500</top>
							<width>175</width>
							<height>255</height>
							<texture>$INFO[ListItem.Art(poster)]</texture>
							<texture colordiffuse="button_focus">colors/grey.png</texture>
						</control>
						<control type="image">
							<top>500</top>
							<left>30</left>
							<bottom>0</bottom>
							<width>175</width>
							<height>255</height>
							<texture colordiffuse="D6000000">overlays/overlayfade.png</texture>
						</control>
						<control type="label">
							<top>705</top>
							<height>20</height>
							<width>160</width>
							<left>40</left>
							<font>SmallWidget</font>
							<label>$INFO[ListItem.Label]</label>
						</control>
						<control type="image">
							<left>27</left>
							<top>500</top>
							<width>180</width>
							<height>255</height>
							<texture border="15" colordiffuse="D6111111">buttons/thumbnail_focused.png</texture>
						</control>
						<control type="image">
							<left>27</left>
							<top>500</top>
							<width>180</width>
							<height>255</height>
							<texture border="15" colordiffuse="button_focus">buttons/thumbnail_focused.png</texture>
							<visible>Control.HasFocus(208)</visible>
						</control>
					</focusedlayout> 
					<content limit="27" target="$INFO[Container(9000).ListItem.Property(widgetTarget)]">$INFO[Container(9000).ListItem.Property(widgetPath)]</content>
				</control>

			<!--SubMenu  -->
	<control type="group">
		<animation effect="slide" start="0,0" end="0,86" time="0" condition="Skin.HasSetting(UseLowMenu)">Conditional</animation> 	 
			<control type="group">
				<top>810</top>
				<left>0</left>
				<width>100%</width>
				<animation type="Conditional" condition="Control.IsVisible(77551)">
				<effect type="slide" start="0,0" end="0,600" time="400" tween="cubic" easing="inout" delay="0"/>
				</animation>
				<control type="group">
				<left>-180</left>
					<control type="image">
							<top>-72</top>
							<width>120%</width>
							<height>300</height>
							<texture border="5">curial/buttons/button-nofo.png</texture>
							<visible>!Skin.HasSetting(ToggleSubMenuBackground)</visible>
					</control> 
					<control type="image">
							<top>-25</top>
							<width>120%</width>
							<height>205</height>
							<texture border="5">colors/white.png</texture>
							<colordiffuse>$VAR[Label_SkinSetting_SubMenuColor]</colordiffuse>
					</control> 
				</control>
				<!-- Menu Stats Group  -->
				<control type="group">
					<top>-20</top>
					<width>100%</width>
					<height>60</height>
					<!-- <align>right</align> -->
						<control type="textbox">
							<right>40</right>
							<align>right</align>
							<font>fontSubMenu</font>
							<label>$INFO[System.Date(ddd d mmm)]  |   Memory: $INFO[System.FreeMemory]</label>
							<visible>Skin.HasSetting(ShowSystemInfoOnMenu)</visible>
							<textcolor>$VAR[SystemInfoColor]</textcolor>
						</control>
				</control> 
				<control type="list" id="9999">
					<top>135</top>
					<align>center</align>
					<width>100%</width>
					<onup>9000</onup>
					<ondown>700</ondown>
					<onback>700</onback>
					<orientation>horizontal</orientation>	
					<width>1980</width>
					<height>50</height>
					<viewtype>list</viewtype>
					<orientation>horizontal</orientation>
					<focusposition>3</focusposition>
					<movement>3</movement>
					<itemgap>6</itemgap>
					<itemlayout width="320" height="50">
							<control type="label">
								<posx>3</posx>
								<posy>0</posy>
								<height>50</height>
								<width>320</width>
								<align>center</align>
								<aligny>center</aligny>
								<font>fontSubMenu</font>
								<scroll>false</scroll>
								<label>$INFO[ListItem.Label]</label>
								<textcolor>$VAR[Label_SkinSetting_SubMenuUnfocusedColor]</textcolor>
							</control>
					</itemlayout>
					<focusedlayout width="320" height="50">
						<control type="label">
							<visible>!Control.HasFocus(9999)</visible>
							<posx>3</posx>
							<posy>0</posy>
							<height>50</height>
							<width>320</width>
							<align>center</align>
							<aligny>center</aligny>
							<font>fontSubMenu</font>
							<label>$INFO[ListItem.Label]</label>
							<textcolor>$VAR[Label_SkinSetting_SubMenuUnfocusedColor]</textcolor>
						</control>
						<control type="label">
							<visible>Control.HasFocus(9999)</visible>
							<posx>3</posx>
							<posy>0</posy>
							<height>50</height>
							<width>320</width>
							<align>center</align>
							<aligny>center</aligny>
							<font>fontSubMenu</font>
							<label>$INFO[ListItem.Label]</label>
							<textcolor>$VAR[Label_SkinSetting_SubMenuHighLightColor]</textcolor>
						</control>
					</focusedlayout>
					<content>
						<include>skinshortcuts-submenu</include>
					</content>
				</control>
			</control>	

			<!--MainMenu  -->

			<control type="group">
				<left>0</left>
				<orientation>horizontal</orientation>
				<width>100%</width>
				<control type="group">
					<top>840</top>
					<control type="group">
						<left>-180</left>
						<control type="image">
							<top>-45</top>
							<width>120%</width>
							<height>180</height>
							<texture border="5">curial/buttons/button-nofo.png</texture>
							<visible>!Skin.HasSetting(ToggleMainMenuBackground)</visible> 
						</control>  
						<control type="image">
							<top>-16</top>
							<width>120%</width>
							<height>120</height>
							<texture border="5">colors/white.png</texture>
							<colordiffuse>$VAR[Label_SkinSetting_MainMenuColor]</colordiffuse>
						</control>
						<control type="image">
							<top>-16</top>
							<width>120%</width>
							<height>120</height>
							<texture border="5">$VAR[Label_SkinSetting_MenuOverlay]</texture>
							<colordiffuse>$VAR[Label_SkinSetting_MainMenuGradientColor]</colordiffuse>
						</control>   
					</control>
				<control type="list" id="9000">
					<top>0</top>
					<onup condition="Control.IsVisible(210)">210</onup>
					<onup condition="Control.IsVisible(209)">209</onup>
					<onup condition="Control.IsVisible(208)">208</onup>
					<ondown>9999</ondown>
					<orientation>horizontal</orientation>	
					<width>100%</width>
					<height>100</height>
					<viewtype>list</viewtype>
					<orientation>horizontal</orientation>
					<focusposition>3</focusposition>
					<movement>3</movement>
					<itemgap>6</itemgap>
					<onback>700</onback>
					<align>center</align>
					<scrolltime tween="cubic" easing="out">500</scrolltime>
					<onfocus>ClearProperty(listposition,home)</onfocus>
					<itemlayout width="384" height="100">
						<control type="label">
							<posx>3</posx>
							<posy>0</posy>
							<height>100</height>
							<width>384</width>
							<align>center</align>
							<aligny>center</aligny>
							<font>fontMainMenu</font>
							<scroll>false</scroll>
							<label>$INFO[ListItem.Label]</label>
							<textcolor>$VAR[Label_SkinSetting_MainMenuUnfocusedColor]</textcolor>
						</control>
					</itemlayout>
					<focusedlayout width="384" height="100">
						<control type="label">
							<visible>!Control.HasFocus(9000)</visible>
							<posx>3</posx>
							<posy>0</posy>
							<height>100</height>
							<width>384</width>
							<align>center</align>
							<aligny>center</aligny>
							<font>fontMainMenu</font>
							<label>$INFO[ListItem.Label]</label>
							<textcolor>$VAR[Label_SkinSetting_MainMenuUnfocusedColor]</textcolor>
						</control>
						<control type="label">
							<visible>Control.HasFocus(9000)</visible>
							<posx>3</posx>
							<posy>0</posy>
							<height>100</height>
							<width>384</width>
							<font>fontMainMenu</font>
							<align>center</align>
							<aligny>center</aligny>
							<label>$INFO[ListItem.Label]</label>
							<textcolor>$VAR[Label_SkinSetting_MainMenuHighLightColor]</textcolor>
						</control>
					</focusedlayout>
					<content>
						<include>skinshortcuts-mainmenu</include>
					</content>
				</control>
			</control> 
		</control>
	</control> <!--  End Menu Group -->

	
				<!--PowerMenu  -->
				<control type="grouplist" id="700">
					<orientation>horizontal</orientation>
					<itemgap>-20</itemgap>
					<left>0</left>
					<width>440</width>
					<height>110</height>
					<top>100</top>
					<onup>SetFocus(9000)</onup>
					<onup>PageDown</onup>
					<onup>PageDown</onup>
					<ondown>SetFocus(9000)</ondown>
					<ondown>PageUp</ondown>
					<ondown>PageUp</ondown>
					<onright>2000</onright>
					<!-- <align>justify</align> -->
					<include content="IconButton">
						<param name="control_id" value="803" />
						<param name="onclick" value="Fullscreen" />
						<param name="icon" value="icons/now-playing/fullscreen.png" />
						<param name="label" value="$LOCALIZE[31000]" />
						<param name="visible" value="Player.HasMedia" />
					</include>
					<include content="IconButton">
						<param name="control_id" value="802" />
						<param name="onclick" value="ActivateWindow(settings)" />
						<param name="icon" value="icons/settings.png" />
						<param name="label" value="$LOCALIZE[21417]" />
					</include>
					<include content="IconButton">
						<param name="control_id" value="801" />
						<param name="onclick" value="ActivateWindow(1107)" />
						<param name="icon" value="icons/search.png" />
						<param name="label" value="$LOCALIZE[137]" />
					</include>
					<include content="IconButton">
						<param name="control_id" value="804" />
						<param name="onclick" value="ActivateWindow(shutdownmenu)" />
						<param name="icon" value="icons/power.png" />
						<param name="label" value="$LOCALIZE[33060]" />
					</include>
				</control>
			</control>
			<include>BottomBar</include>
			<include content="TopBar">
				<param name="breadcrumbs_label" value="" />
			</include>
			<control type="group">
				<depth>DepthBars</depth>
				<animation effect="slide" end="0,-90" time="300" tween="sine" easing="inout" condition="$EXP[infodialog_active]">conditional</animation>
				<animation effect="fade" start="0" end="100" time="300">WindowOpen</animation>
				<animation effect="fade" start="100" end="0" time="200">WindowClose</animation>
				<top>40</top>
				<left>90</left>
				<control type="image">
					<aspectratio>keep</aspectratio>
					<width>56</width>
					<height>56</height>
					<texture colordiffuse="button_focus">icons/logo.png</texture>
				</control>
				<control type="image">
					<left>40</left>
					<top>10</top>
					<aspectratio>keep</aspectratio>
					<width>192</width>
					<height>36</height>
					<texture>icons/logo-text.png</texture>
				</control>
			</control>
			<control type="rss">
				<animation effect="slide" end="0,90" time="300" tween="sine" easing="inout" condition="$EXP[infodialog_active]">conditional</animation>
				<animation effect="fade" start="0" end="100" time="400">WindowOpen</animation>
				<animation effect="fade" start="100" end="0" time="300">WindowClose</animation>
				<left>0</left>
				<bottom>0</bottom>
				<height>39</height>
				<width>100%</width>
				<font>font12</font>
				<urlset>1</urlset>
				<hitrect x="-100" y="0" w="1" h="1" />
				<titlecolor>button_focus</titlecolor>
				<textcolor>button_focus</textcolor>
				<shadowcolor>text_shadow</shadowcolor>
				<headlinecolor>FFC0C0C0</headlinecolor>
			</control>
		</control>
	</controls>
</window>
