<?xml version="1.0" encoding="UTF-8"?>
<window>
	<defaultcontrol always="true">50</defaultcontrol>
	<backgroundcolor>background</backgroundcolor>

	<views>508,509,510,5011,54,500,55,50,502,53,51,507,506,52</views>

	<menucontrol>9000</menucontrol>
	<controls>
		<include>DefaultBackground</include>
		<control type="group">
			<animation effect="fade" start="100" end="0" time="200" tween="sine" condition="$EXP[infodialog_active]">Conditional</animation>
			<include>View_508_Netflix_Wide</include> 
			<include>View_509_Netflix_Long</include>  
			<include>View_510_Netflix_Large</include> 
			<include>View_5011_Netflix_Episodes</include>
			<include>View_54_InfoWall</include>
			<include>View_500_Wall</include>
			<include>View_55_WideList</include>
			<include>View_50_List</include>
			<include>View_502_FanArt</include>
			<include>View_53_Shift</include>
			<include>View_51_Poster</include>
			<include>View_507_Mosaic_Vertical</include>
			<include>View_506_Mosaic</include>
			<include>View_52_IconWall</include>
			
			<control type="group">
				<depth>DepthContentPanel</depth>
				<include>OpenClose_Left</include>
				<visible>Control.IsVisible(55)</visible>
				<include>Visible_Left</include>
				<include>ListThumbInfoPanel</include>
			</control>
			<control type="group">
				<depth>DepthContentPanel</depth>
				<include>OpenClose_Left</include>
				<visible>Control.IsVisible(50) | Control.Isvisible(54)  | [Control.IsVisible(501)  + String.IsEqual(Skin.AspectRatio,21:9)]</visible>
				<include>Visible_Left</include>
				<include content="ContentPanel">
					<param name="width" value="656" />
				</include>
				<control type="group">
					<width>550</width>
					<depth>bg_alpha</depth>

				<control type="image">
						<depth>DepthContentPopout</depth>
						<left>30</left>
						<top>120</top>
						<width max="537">auto</width>
						<height>99</height>
						<aspectratio align="top" aligny="center">keep</aspectratio>
						<texture background="true">$VAR[ClearLogoVar]</texture>
						<visible>!ListItem.IsCollection + !ListItem.IsParentFolder</visible>
						<visible>!Skin.HasSetting(ToggleClearArtLogo) + Skin.HasSetting(ClearArtOnViews)</visible>
				</control>
				 <control type="image">
						<depth>DepthContentPopout</depth>
						<left>30</left>
						<top>110</top>
						<width max="537">auto</width>
						<height>130</height>
						<aspectratio align="top" aligny="center">keep</aspectratio>
						<texture background="true">$INFO[Window(Home).Property(SkinHelper.ListItem.Art.Clearart)]</texture>
						<visible>!ListItem.IsCollection + !ListItem.IsParentFolder</visible>
						<visible>Skin.HasSetting(ToggleClearArtLogo) + Skin.HasSetting(ClearArtOnViews)</visible>
				</control> 	

				<control type="textbox">
					<left>40</left>
					<right>10</right>
					<top>150</top>
					<height>90</height>
					<font>infoInterstate</font>
					<textcolor>button_focus</textcolor>
					<label>$INFO[ListItem.Title]</label>
					<visible>!Skin.HasSetting(ClearArtOnViews)</visible>
					<animation effect="fade" start="0" end="500" time="500" condition="Control.HasFocus(208) ">Conditional</animation>
				</control>
				<control type="image">
						<depth>DepthContentPopout</depth>
						<top>260</top>
						<left>30</left>
						<width max="537">auto</width>
						<height>300</height>
						<aspectratio align="top" aligny="center">keep</aspectratio>
						<texture background="true">$INFO[ListItem.Art(fanart)]</texture>
						<visible>!ListItem.IsCollection + !ListItem.IsParentFolder</visible>
				</control>
				<control type="textbox">
					<left>30</left>
					<top>580</top>
					<right>0</right>
					<height>60</height>
					<font>fontSubMenu</font>
					<label>IMDB: $INFO[ListItem.RatingandVotes]</label>
					<visible>!ListItem.IsCollection + !ListItem.IsParentFolder</visible>
					<textcolor>$VAR[secondHighlightColor]</textcolor>
					<animation effect="fade" start="0" end="500" time="500" condition="Control.HasFocus(208) ">Conditional</animation>
				</control>
				<control type="textbox">
					<left>490</left>
					<top>580</top>
					<right>0</right>
					<height>60</height>
					<font>fontSubMenu</font>
					<label>$INFO[ListItem.Year]</label>
					<textcolor>$VAR[secondHighlightColor]</textcolor>
					<visible>!ListItem.IsCollection + !ListItem.IsParentFolder</visible>
					<animation effect="fade" start="0" end="500" time="500" condition="Control.HasFocus(208) ">Conditional</animation>
				</control>
				<control type="textbox">
					<left>30</left>
					<top>620</top>
					<right>0</right>
					<bottom>110</bottom>
				 	<label>$INFO[ListItem.Plot]</label>  
					<font>smallInfoFont</font>
					<autoscroll delay="6000" time="5000" repeat="10000">Skin.HasSetting(autoscroll)</autoscroll>
					<animation effect="fade" start="0" end="500" time="500" condition="Control.HasFocus(208) ">Conditional</animation>
				</control>
				<control type="textbox">
					<right>20</right>
					<top>980</top>
					<width>500</width>
					<height>60</height>
					<font>fontSubMenu</font>
					<label>Ends at: $INFO[ListItem.EndTime] ($INFO[Window(Home).Property(SkinHelper.ListItem.Duration)] mins)</label> 
					<visible>!ListItem.IsCollection + !ListItem.IsParentFolder</visible>
					<textcolor>$VAR[secondHighlightColor]</textcolor>
					<animation effect="fade" start="0" end="500" time="500" condition="Control.HasFocus(208) ">Conditional</animation>
				</control>

					<control type="textbox">
						<left>30</left>
						<top>360</top>
						<width>530</width>
						<height>413</height>
						<align>center</align>
						<aligny>center</aligny>
						<font>font27</font>
						<textcolor>80FFFFFF</textcolor>
						<label>$LOCALIZE[19055]</label>
						<visible>String.IsEmpty(Listitem.Plot) + String.IsEmpty(Listitem.Tagline) + !ListItem.IsCollection + !ListItem.IsParentFolder</visible>
					</control>
					<control type="group">
						<left>20</left>
						<top>245</top>
						<visible>ListItem.IsCollection</visible>
						<include content="InfoList">
							<param name="bottom" value="108" />
							<param name="width" value="540" />
							<param name="sortby" value="year" />
							<param name="sortorder" value="descending" />
							<param name="font" value="font13" />
						</include>
					</control>
				</control>
			</control>
			 <include content="TopBar">
				<param name="breadcrumbs_label" value="$VAR[BreadcrumbsVideoVar]" />
			</include> 
			<include content="BottomBar">
				<param name="info_visible" value="true" />
			</include>
			<control type="group">
				<depth>DepthBars</depth>
				<bottom>0</bottom>
				<height>70</height>
				<animation effect="fade" start="0" end="100" time="300" delay="300">WindowOpen</animation>
				<animation effect="fade" start="100" end="0" time="200">WindowClose</animation>
				<include condition="!Skin.HasSetting(hide_mediaflags)">MediaFlags</include>
			</control>
			<include>CommonScrollbars</include>
			<include>MediaMenuMouseOverlay</include>
			<control type="group">
				<include>MediaMenuCommon</include>
				<control type="grouplist" id="9000">
					<top>50</top>
					<include>MediaMenuListCommon</include>
					<control type="button" id="10">
						<description>Watched Toggle</description>
						<include>MediaMenuItemsCommon</include>
						<label>$LOCALIZE[20367]</label>
						<label2>[B]$INFO[Container.NumItems][/B]</label2>
						<visible>Container.Content(movies) | Container.Content(sets) | Container.Content(tvshows) | Container.content(seasons) | Container.Content(episodes)</visible>
					</control>
					<control type="label" id="203">
						<include>MediaMenuLabelCommon</include>
						<label>$LOCALIZE[31020]</label>
					</control>
					<control type="radiobutton" id="16">
						<description>PartyMode</description>
						<label>$LOCALIZE[589]</label>
						<include>MediaMenuItemsCommon</include>
						<visible>Container.Content(MusicVideos)</visible>
					</control>
					<control type="radiobutton" id="11">
						<description>Unlock Shares</description>
						<include>MediaMenuItemsCommon</include>
						<label>$LOCALIZE[20336]</label>
						<onclick>mastermode</onclick>
						<selected>system.ismaster</selected>
						<visible>system.haslocks</visible>
					</control>
					<control type="togglebutton" id="619">
						<description>Update library</description>
						<include>MediaMenuItemsCommon</include>
						<label>$LOCALIZE[653]</label>
						<onclick>UpdateLibrary(video)</onclick>
						<visible>!Container.Content(addons)+ String.IsEmpty(Container.PluginName)</visible>
						<altlabel>$LOCALIZE[13353]</altlabel>
						<usealttexture>library.isscanningvideo</usealttexture>
					</control>
					<control type="button" id="612">
						<description>Go to playlist</description>
						<include>MediaMenuItemsCommon</include>
						<label>$LOCALIZE[31056]</label>
						<onclick>ActivateWindow(videoplaylist)</onclick>
						<visible>Integer.IsGreater(Playlist.Length(video),0)</visible>
					</control>
					<control type="button" id="621">
						<description>Get more</description>
						<include>MediaMenuItemsCommon</include>
						<label>$LOCALIZE[21452]</label>
						<onclick>ActivateWindow(addonbrowser,addons://more/video/,return)</onclick>
						<visible>Container.Content(addons)</visible>
					</control>
					<control type="button" id="622">
						<include>MediaMenuItemsCommon</include>
						<label>$LOCALIZE[31117]</label>
						<onclick condition="System.HasAddon(plugin.library.node.editor)">ActivateWindow(programs,plugin://plugin.library.node.editor/?ltype=video,return)</onclick>
						<onclick condition="!System.HasAddon(plugin.library.node.editor)">InstallAddon(plugin.library.node.editor)</onclick>
						<visible>Container.Content() + String.IsEmpty(Container.PluginName)</visible>
					</control>
					<control type="button" id="623">
						<include>MediaMenuItemsCommon</include>
						<label>$LOCALIZE[31009]</label>
						<onclick>InstallAddon(resource.images.studios.white)</onclick>
						<visible>Container.Content(studios) + !System.HasAddon(resource.images.studios.white)</visible>
					</control>
					<control type="button" id="624">
						<include>MediaMenuItemsCommon</include>
						<label>$LOCALIZE[10140]</label>
						<onclick>Addon.OpenSettings($INFO[Container.PluginName])</onclick>
						<visible>!String.IsEmpty(Container.PluginName)</visible>
					</control>
					<include>MediaMenuNowPlaying</include>
				</control>
			</control>
		</control>
	</controls>
</window>
