<?xml version="1.0" encoding="UTF-8"?>
<window>
	<onunload>RunScript(script.skinshortcuts,type=buildxml&amp;mainmenuID=9000)</onunload>
	<defaultcontrol>9000</defaultcontrol>
	<backgroundcolor>background</backgroundcolor>
	<onload condition="String.IsEmpty(Skin.String(background_overlay))">Skin.SetString(background_overlay,1)</onload>
	<controls>
		<include>DefaultBackground</include>
		<control type="multiimage">
			<depth>DepthBackground</depth>
			<include>FullScreenDimensions</include>
			<aspectratio>scale</aspectratio>
			<fadetime>600</fadetime>
			<animation effect="zoom" center="auto" end="102,102" time="0" condition="Integer.IsGreater(System.StereoscopicMode,0)">conditional</animation>
			<animation effect="fade" start="0" end="100" time="400">WindowOpen</animation>
			<animation effect="fade" start="100" end="0" time="300">WindowClose</animation>
			<animation effect="fade" time="400">VisibleChange</animation>
			<imagepath background="true" colordiffuse="bg_overlay">$INFO[Skin.String(HomeFanart.path)]settings$INFO[Skin.String(HomeFanart.ext)]</imagepath>
			<visible>!Player.HasMedia + !String.IsEmpty(Skin.String(HomeFanart.path))</visible>
		</control>
		<control type="group" id="10000">
			<left>470</left>
			<include>OpenClose_Right</include>
			<onup>10000</onup>
			<ondown>10000</ondown>
			
			<!-- Main Menu Items  -->
			<control type="grouplist" id="610">
				<top>160</top>
				<left>0</left>
				<right>0</right>
				<bottom>140</bottom>
				<onleft>9000</onleft>
				<onright>60</onright>
				<onup>610</onup>
				<pagecontrol>60</pagecontrol>
				<ondown>610</ondown>
				<visible>Container(9000).HasFocus(1)</visible>
				<control type="button" id="706">
					<label> -- Edit Skin Shortcuts</label>
					<include>DefaultSettingButton</include>
					<onclick>RunScript(script.skinshortcuts,type=manage&amp;group=mainmenu)</onclick>
				</control>
				<control type="button" id="707">
					<label> ∟ Reset All Skin Shortcuts</label>
					<include>DefaultSettingButton</include>
					<onclick>RunScript(script.skinshortcuts,type=resetall)</onclick>
				</control>	
				<control type="radiobutton" id="611">
					<label>$LOCALIZE[342]</label>
					<include>DefaultSettingButton</include>
					<selected>!Skin.HasSetting(HomeMenuNoMovieButton)</selected>
					<onclick>Skin.ToggleSetting(HomeMenuNoMovieButton)</onclick>
				</control>
				<control type="button" id="6110">
					<label>- $LOCALIZE[31157]</label>
					<include>DefaultSettingButton</include>
					<onclick condition="System.HasAddon(plugin.library.node.editor)">ActivateWindow(programs,plugin://plugin.library.node.editor/?ltype=video,return)</onclick>
					<onclick condition="!System.HasAddon(plugin.library.node.editor)">InstallAddon(plugin.library.node.editor)</onclick>
					<enable>!Skin.HasSetting(HomeMenuNoMovieButton)</enable>
				</control>
				<control type="radiobutton" id="612">
					<label>$LOCALIZE[20343]</label>
					<include>DefaultSettingButton</include>
					<selected>!Skin.HasSetting(HomeMenuNoTVShowButton)</selected>
					<onclick>Skin.ToggleSetting(HomeMenuNoTVShowButton)</onclick>
				</control>
				<control type="button" id="6120">
					<label>- $LOCALIZE[31157]</label>
					<include>DefaultSettingButton</include>
					<onclick condition="System.HasAddon(plugin.library.node.editor)">ActivateWindow(programs,plugin://plugin.library.node.editor/?ltype=video,return)</onclick>
					<onclick condition="!System.HasAddon(plugin.library.node.editor)">InstallAddon(plugin.library.node.editor)</onclick>
					<enable>!Skin.HasSetting(HomeMenuNoTVShowButton)</enable>
				</control>
				<control type="radiobutton" id="613">
					<label>$LOCALIZE[2]</label>
					<include>DefaultSettingButton</include>
					<selected>!Skin.HasSetting(HomeMenuNoMusicButton)</selected>
					<onclick>Skin.ToggleSetting(HomeMenuNoMusicButton)</onclick>
				</control>
				<control type="button" id="6130">
					<label>- $LOCALIZE[31157]</label>
					<include>DefaultSettingButton</include>
					<onclick condition="System.HasAddon(plugin.library.node.editor)">ActivateWindow(programs,plugin://plugin.library.node.editor/?ltype=music,return)</onclick>
					<onclick condition="!System.HasAddon(plugin.library.node.editor)">InstallAddon(plugin.library.node.editor)</onclick>
					<enable>!Skin.HasSetting(HomeMenuNoMusicButton)</enable>
				</control>
				<control type="radiobutton" id="6131">
					<label>$LOCALIZE[20389]</label>
					<include>DefaultSettingButton</include>
					<selected>!Skin.HasSetting(HomeMenuNoMusicVideoButton)</selected>
					<onclick>Skin.ToggleSetting(HomeMenuNoMusicVideoButton)</onclick>
				</control>
				<control type="radiobutton" id="618">
					<label>$LOCALIZE[19020]</label>
					<include>DefaultSettingButton</include>
					<selected>!Skin.HasSetting(HomeMenuNoTVButton)</selected>
					<onclick>Skin.ToggleSetting(HomeMenuNoTVButton)</onclick>
				</control>
				<control type="radiobutton" id="619">
					<label>$LOCALIZE[19021]</label>
					<include>DefaultSettingButton</include>
					<selected>!Skin.HasSetting(HomeMenuNoRadioButton)</selected>
					<onclick>Skin.ToggleSetting(HomeMenuNoRadioButton)</onclick>
				</control>
				<control type="radiobutton" id="614">
					<label>$LOCALIZE[24001]</label>
					<include>DefaultSettingButton</include>
					<selected>!Skin.HasSetting(HomeMenuNoProgramsButton)</selected>
					<onclick>Skin.ToggleSetting(HomeMenuNoProgramsButton)</onclick>
				</control>
				<control type="radiobutton" id="615">
					<label>$LOCALIZE[1]</label>
					<include>DefaultSettingButton</include>
					<selected>!Skin.HasSetting(HomeMenuNoPicturesButton)</selected>
					<onclick>Skin.ToggleSetting(HomeMenuNoPicturesButton)</onclick>
				</control>
				<control type="radiobutton" id="616">
					<label>$LOCALIZE[3]</label>
					<include>DefaultSettingButton</include>
					<selected>!Skin.HasSetting(HomeMenuNoVideosButton)</selected>
					<onclick>Skin.ToggleSetting(HomeMenuNoVideosButton)</onclick>
				</control>
				<control type="radiobutton" id="6160">
					<label>$LOCALIZE[10134]</label>
					<include>DefaultSettingButton</include>
					<selected>!Skin.HasSetting(HomeMenuNoFavButton)</selected>
					<onclick>Skin.ToggleSetting(HomeMenuNoFavButton)</onclick>
				</control>
				<control type="radiobutton" id="617">
					<label>$LOCALIZE[8]</label>
					<include>DefaultSettingButton</include>
					<selected>!Skin.HasSetting(HomeMenuNoWeatherButton)</selected>
					<onclick>Skin.ToggleSetting(HomeMenuNoWeatherButton)</onclick>
				</control>
			</control>
			
			<!-- Customize Menu -->
			<control type="grouplist" id="11111">
			<onup>11111</onup>
			<ondown>11111</ondown>
				<top>160</top>
				<left>0</left>
				<right>0</right>
				<bottom>140</bottom>
				<onleft>9000</onleft>
				<onright>60</onright>
				<visible>Container(9000).HasFocus(2)</visible>
				<control type="button" id="8003">
					<label>Main Menu FocusColor</label>
					<label2>$VAR[Label_SkinSetting_MainMenuHighLightColor]</label2>
					<include>DefaultSettingButton</include>
					<onclick>RunScript(script.skin.helper.colorpicker,skinstring=MainMenuHighLightColor)</onclick>
				</control>
				<control type="button" id="8004">
					<label>Sub Menu Focus Color</label>
					<label2>$VAR[Label_SkinSetting_SubMenuHighLightColor]</label2>
					<include>DefaultSettingButton</include>
					<onclick>RunScript(script.skin.helper.colorpicker,skinstring=SubMenuHighLightColor)</onclick>
				</control>
				<control type="button" id="8005">
					<label>Main Menu Unfocused Color</label>
					<label2>$VAR[Label_SkinSetting_MainMenuUnfocusedColor]</label2>
					<include>DefaultSettingButton</include>
					<onclick>RunScript(script.skin.helper.colorpicker,skinstring=MainMenuUnfocusedColor)</onclick>
				</control>
				<control type="button" id="8006">
					<label>Sub Menu Unfocused Color</label>
					<label2>$VAR[Label_SkinSetting_SubMenuUnfocusedColor]</label2>
					<include>DefaultSettingButton</include>
					<onclick>RunScript(script.skin.helper.colorpicker,skinstring=SubMenuUnfocusedColor)</onclick>
				</control>
				<control type="button" id="8007">
					<label>Main Menu Panel Color</label>
					<label2>$VAR[Label_SkinSetting_MainMenuColor]</label2>
					<include>DefaultSettingButton</include>
					<onclick>RunScript(script.skin.helper.colorpicker,skinstring=MainMenuColor)</onclick>
				</control>
				<control type="button" id="8009">
					<label>Sub Menu Panel Color</label>
					<label2>$VAR[Label_SkinSetting_SubMenuColor]</label2>
					<include>DefaultSettingButton</include>
					<onclick>RunScript(script.skin.helper.colorpicker,skinstring=SubMenuColor)</onclick>
				</control>
				<control type="button" id="8008">
					<label>Main Menu Overlay Color</label>
					<label2>$VAR[Label_SkinSetting_MainMenuGradientColor]</label2>
					<include>DefaultSettingButton</include>
					<onclick>RunScript(script.skin.helper.colorpicker,skinstring=MainMenuGradientColor)</onclick>
				</control>
				<control type="button" id="14006">
					<include>DefaultSettingButton</include>
					<label>Main Menu Overlay Type</label>
					<label2>$INFO[Skin.String(MenuOverlay.label)]</label2>
					<onclick>RunScript(script.skin.helper.service,action=OVERLAYTEXTURE,skinstring=MenuOverlay)</onclick>
				</control>
				<control type="radiobutton" id="8010">
					<label>Toggle Main Menu Underlying Panel</label>
					<label2>$VAR[Label_SkinSetting_ToggleMainMenuBackground]</label2>
					<include>DefaultSettingButton</include>
					<onclick>Skin.ToggleSetting(ToggleMainMenuBackground)</onclick>
					<selected>Skin.HasSetting(ToggleMainMenuBackground)</selected>
				</control>
				<control type="radiobutton" id="8011">
					<label>Toggle Sub Menu Underlying Panel</label>
					<label2>$VAR[Label_SkinSetting_ToggleSubMenuBackground]</label2>
					<include>DefaultSettingButton</include>
					<onclick>Skin.ToggleSetting(ToggleSubMenuBackground)</onclick>
					<selected>Skin.HasSetting(ToggleSubMenuBackground)</selected>
				</control>
				<control type="button" id="801226">
					<include>DefaultSettingButton</include>
					<label>Change System Info Color</label>
					<label2>$VAR[SystemInfoColor]</label2>
					<onclick>RunScript(script.skin.helper.colorpicker,skinstring=SystemInfoColor)</onclick>
				</control>
				<control type="button" id="8013">
					<label>∟Reset All Colors Above</label>
					<include>DefaultSettingButton</include>
					<onclick>Skin.Reset(MainMenuHighLightColor)</onclick>
					<onclick>Skin.Reset(SubMenuHighLightColor)</onclick>
					<onclick>Skin.Reset(MainMenuUnfocusedColor)</onclick>
					<onclick>Skin.Reset(SubMenuUnfocusedColor)</onclick>
					<onclick>Skin.Reset(MainMenuColor)</onclick>
					<onclick>Skin.Reset(MainMenuGradientColor)</onclick>
					<onclick>Skin.Reset(SubMenuColor)</onclick>
					<onclick>Skin.Reset(MenuOverlay)</onclick>
					<onclick>Skin.Reset(SystemInfoColor)</onclick>
				</control>
				<control type="radiobutton" id="811224">
					<include>DefaultSettingButton</include>
					<label>Use Lower Menu</label>
					<onclick>Skin.ToggleSetting(UseLowMenu)</onclick>
					<selected>Skin.HasSetting(UseLowMenu)</selected>
				</control>
				<control type="radiobutton" id="811225">
					<include>DefaultSettingButton</include>
					<label>Show System Info on Menu</label>
					<onclick>Skin.ToggleSetting(ShowSystemInfoOnMenu)</onclick>
					<selected>Skin.HasSetting(ShowSystemInfoOnMenu)</selected>
				</control>
			</control>

			<!-- OSD / Widgets-->
			<control type="grouplist" id="40032451">
				<top>168</top>
				<left>0</left>
				<right>0</right>
				<bottom>142</bottom>
				<onleft>9000</onleft>
				<onright>60</onright>
				<onup>40032451</onup>
				<ondown>40032451</ondown>
				<pagecontrol>60</pagecontrol>
				<visible>Container(9000).HasFocus(3)</visible>
				<control type="radiobutton" id="7123422">
					<include>DefaultSettingButton</include>
					<label>Hide Widgets</label>
					<selected>Skin.HasSetting(HideWidgets)</selected>	
					<onclick>Skin.ToggleSetting(HideWidgets)</onclick>
				</control>
				<control type="radiobutton" id="7123423">
					<include>DefaultSettingButton</include>
					<label>Use Small Widget Posters</label>
					<selected>Skin.HasSetting(UseSmallWidgetPosters)</selected>	
					<onclick>Skin.ToggleSetting(UseSmallWidgetPosters)</onclick>
				</control>
				<control type="radiobutton" id="712344">
					<include>DefaultSettingButton</include>
					<label>Show Plot on Widgets</label>
					<selected>Skin.HasSetting(ShowPlotOnWidgets)</selected>	
					<onclick>Skin.ToggleSetting(ShowPlotOnWidgets)</onclick>
				</control>
				<control type="radiobutton" id="7123455">
					<include>DefaultSettingButton</include>
					<label>Show Panel Behind Plot on Widgets</label>
					<selected>Skin.HasSetting(ShowPanelBehindPlot)</selected>	
					<onclick>Skin.ToggleSetting(ShowPanelBehindPlot)</onclick>
				</control>
				<control type="radiobutton" id="7123426">
					<include>DefaultSettingButton</include>
					<label>Show Video Info on OSD When Paused</label>
					<selected>Skin.HasSetting(ShowInfoOnPause)</selected>	
					<onclick>Skin.ToggleSetting(ShowInfoOnPause)</onclick>
				</control>
				<control type="button" id="13063">
					<include>DefaultSettingButton</include>
					<label>AutoClose OSD Time</label>
					<label2>$INFO[skin.string(SkinHelper.AutoCloseVideoOSD)] $LOCALIZE[31231]</label2>		
					<onclick>Skin.SetNumeric(SkinHelper.AutoCloseVideoOSD)</onclick>
				</control>
			</control>

			<!-- Overlays / Backgrounds-->
			<control type="grouplist" id="400321">
				<top>168</top>
				<left>0</left>
				<right>0</right>
				<bottom>142</bottom>
				<onleft>9000</onleft>
				<onright>60</onright>
				<onup>400321</onup>
				<ondown>60</ondown>
				<pagecontrol>60</pagecontrol>
				<visible>Container(9000).HasFocus(4)</visible>
				<control type="button" id="6001">
					<include>DefaultSettingButton</include>
					<label>Choose Global Home Background Images Folder</label>
					<label2>$VAR[Label_SkinSetting_Backgrounds]</label2>
					<onclick>Skin.SetPath(Backgrounds)</onclick>
                </control>
				<control type="button" id="60010">
					<include>DefaultSettingButton</include>
					<label>∟Reset Global Home Background</label>
					<onclick>Skin.Reset(Backgrounds)</onclick>
                </control>
				<control type="button" id="6003">
					<include>DefaultSettingButton</include>
					<label>Wallpaper Overlay Type</label>
					<label2>$INFO[Skin.String(WallpaperOverlay.label)]</label2>
					<onclick>RunScript(script.skin.helper.service,action=OVERLAYTEXTURE,skinstring=WallpaperOverlay)</onclick>
				</control>
				<control type="button" id="6004">
					<label>Wallpaper Overlay Color</label>
					<label2>$VAR[Label_SkinSetting_WallpaperOverlayColor]</label2>
					<include>DefaultSettingButton</include>
					<onclick>RunScript(script.skin.helper.colorpicker,skinstring=WallpaperOverlayColor)</onclick>
				</control>
				<control type="button" id="6002">
					<label>Choose Second Overlay Diffuse Colour (! remember to use opacity)</label>
					<label2>$VAR[Label_SkinSetting_BackgroundOverlay]</label2>
					<include>DefaultSettingButton</include>
					<onclick>RunScript(script.skin.helper.colorpicker,skinstring=BackgroundOverlay)</onclick>
				</control>
				<control type="button" id="607">
					<label>$LOCALIZE[31156] (! Home)</label>
					<label2>$VAR[BackgroundOverlayTypeVar]</label2>
					<include>DefaultSettingButton</include>
					<onclick condition="String.IsEqual(Skin.String(background_overlay),7)">Skin.SetString(background_overlay,0)</onclick>
					<onclick condition="String.IsEqual(Skin.String(background_overlay),6)">Skin.SetString(background_overlay,7)</onclick>
					<onclick condition="String.IsEqual(Skin.String(background_overlay),5)">Skin.SetString(background_overlay,6)</onclick>
					<onclick condition="String.IsEqual(Skin.String(background_overlay),4)">Skin.SetString(background_overlay,5)</onclick>
					<onclick condition="String.IsEqual(Skin.String(background_overlay),3)">Skin.SetString(background_overlay,4)</onclick>
					<onclick condition="String.IsEqual(Skin.String(background_overlay),2)">Skin.SetString(background_overlay,3)</onclick>
					<onclick condition="String.IsEqual(Skin.String(background_overlay),1)">Skin.SetString(background_overlay,2)</onclick>
					<onclick condition="String.IsEqual(Skin.String(background_overlay),0)">Skin.SetString(background_overlay,1)</onclick>
				</control>
				<control type="button" id="600000">
					<label>∟Reset Overlays and Backgrounds</label>
					<include>DefaultSettingButton</include>
					<onclick>Skin.Reset(BackgroundOverlay)</onclick>
					<onclick>Skin.Reset(WallpaperOverlay)</onclick>
					<onclick>Skin.Reset(WallpaperOverlayColor)</onclick>
					<onclick>Skin.Reset(Backgrounds)</onclick>
				</control>
			</control>

			<!-- Artwork / Views -->
			<control type="grouplist" id="600">
				<top>160</top>
				<left>0</left>
				<right>0</right>
				<bottom>140</bottom>
				<onleft>9000</onleft>
				<onright>60</onright>
				<onup>600</onup>
				<ondown>600</ondown>
				<visible>Container(9000).HasFocus(5)</visible>
				<control type="button" id="801223">
					<include>DefaultSettingButton</include>
					<label>Change Secondary Color on Views</label>
					<label2>$VAR[secondHighlightColor]</label2>
					<onclick>RunScript(script.skin.helper.colorpicker,skinstring=secondHighlightColor)</onclick>
				</control>
				<control type="radiobutton" id="7123432">
					<include>DefaultSettingButton</include>
					<label>Show Extras Ratings for Movies (Instead of Extra Info on Netflix Views)</label>
					<selected>Skin.HasSetting(ShowExtraRatings)</selected>	
					<onclick>Skin.ToggleSetting(ShowExtraRatings)</onclick>
				</control> 
				 <control type="radiobutton" id="7123433">
					<include>DefaultSettingButton</include>
					<label>Show Clear Art on Views</label>
					<selected>Skin.HasSetting(ClearArtOnViews)</selected>	
					<onclick>Skin.ToggleSetting(ClearArtOnViews)</onclick>
				</control> 
				 <control type="radiobutton" id="712343">
					<include>DefaultSettingButton</include>
					<label>Show Clear Art on OSD</label>
					<selected>Skin.HasSetting(ShowOSDClearArt)</selected>	
					<onclick>Skin.ToggleSetting(ShowOSDClearArt)</onclick>
				</control> 
				<control type="radiobutton" id="712344">
					<include>DefaultSettingButton</include>
					<label>Toggle Between Clearlogo (off) and Clearart (on)</label>
					<selected>Skin.HasSetting(ToggleClearArtLogo)</selected>	
					<onclick>Skin.ToggleSetting(ToggleClearArtLogo)</onclick>
				</control> 
				<control type="radiobutton" id="338">
					<include>SkinSettings_Button</include>
					<label>Show Extra Fanart</label>
					<onclick>Skin.ToggleSetting(SkinHelper.EnableExtraFanart)</onclick>
					<selected>Skin.HasSetting(SkinHelper.EnableExtraFanart)</selected>
					<visible>Skin.HasSetting(ShowFanartBackground)</visible>
					<visible>!Skin.HasSetting(LowPerformanceMode)</visible>
				</control>
				<control type="radiobutton" id="605">
					<label>$LOCALIZE[31002]</label>
					<include>DefaultSettingButton</include>
					<onclick>Skin.ToggleSetting(no_fanart)</onclick>
					<selected>!Skin.HasSetting(no_fanart)</selected>
				</control>
				<control type="button" id="609">
					<label>$LOCALIZE[31062]</label>
					<label2>$INFO[Skin.String(WeatherFanart.name)]</label2>
					<include>DefaultSettingButton</include>
					<onclick condition="System.HasAddon(script.image.resource.select)">RunScript(script.image.resource.select,property=WeatherFanart&amp;type=resource.images.weatherfanart)</onclick>
					<onclick condition="!System.HasAddon(script.image.resource.select)">InstallAddon(script.image.resource.select)</onclick>
					<enable>!Skin.HasSetting(no_fanart)</enable>
				</control>
				<control type="button" id="6066">
					<label>$LOCALIZE[31149]</label>
					<label2>$INFO[Skin.String(MovieGenreFanart.Name)]</label2>
					<include>DefaultSettingButton</include>
					<onclick condition="!System.HasAddon(script.image.resource.select)">InstallAddon(script.image.resource.select)</onclick>
					<onclick condition="System.HasAddon(script.image.resource.select)">RunScript(script.image.resource.select,property=MovieGenreFanart&amp;type=resource.images.moviegenrefanart)</onclick>
				</control>
				<control type="button" id="608">
					<label>$LOCALIZE[31131]</label>
					<label2>$INFO[Skin.String(HomeFanart.name)]</label2>
					<include>DefaultSettingButton</include>
					<onclick condition="System.HasAddon(script.image.resource.select)">RunScript(script.image.resource.select,property=HomeFanart&amp;type=resource.images.skinbackgrounds)</onclick>
					<onclick condition="!System.HasAddon(script.image.resource.select)">InstallAddon(script.image.resource.select)</onclick>
					<enable>!Skin.HasSetting(no_fanart)</enable>
				</control>
			</control>


		    <!-- General  -->
			<control type="grouplist" id="700">
				<top>160</top>
				<left>0</left>
				<right>0</right>
				<bottom>140</bottom>
				<onleft>9000</onleft>
				<onright>60</onright>
				<onup>700</onup>
				<ondown>700</ondown>
				<visible>Container(9000).HasFocus(6)</visible>
				<control type="radiobutton" id="704">
					<label>$LOCALIZE[31093]</label>
					<include>DefaultSettingButton</include>
					<onclick condition="!String.IsEmpty(Weather.Plugin)">Skin.ToggleSetting(show_weatherinfo)</onclick>
					<onclick condition="String.IsEmpty(Weather.Plugin)">ActivateWindow(servicesettings,weather)</onclick>
					<selected>Skin.HasSetting(show_weatherinfo) + !String.IsEmpty(Weather.Plugin)</selected>
				</control>
				<control type="radiobutton" id="701">
					<label>$LOCALIZE[31095]</label>
					<include>DefaultSettingButton</include>
					<selected>!Skin.HasSetting(no_slide_animations)</selected>
					<onclick>Skin.ToggleSetting(no_slide_animations)</onclick>
				</control>
				<control type="radiobutton" id="702">
					<label>$LOCALIZE[20189]</label>
					<include>DefaultSettingButton</include>
					<onclick>Skin.ToggleSetting(autoscroll)</onclick>
					<selected>Skin.HasSetting(autoscroll)</selected>
				</control>
				<control type="radiobutton" id="210">
					<label>Disable Kodi Screen Saver on Full Screen Music</label>
					<include>DefaultSettingButton</include>
					<selected>Skin.HasSetting(SkinHelper.DisableScreenSaverOnFullScreenMusic)</selected>
					<onclick>Skin.ToggleSetting(SkinHelper.DisableScreenSaverOnFullScreenMusic)</onclick>
				</control>
				<control type="radiobutton" id="705">
					<label>$LOCALIZE[31160]</label>
					<include>DefaultSettingButton</include>
					<onclick>Skin.ToggleSetting(hide_mediaflags)</onclick>
					<selected>!Skin.HasSetting(hide_mediaflags)</selected>
				</control>
				<control type="radiobutton" id="703">
					<label>$LOCALIZE[31158]</label>
					<include>DefaultSettingButton</include>
					<onclick>Skin.ToggleSetting(touchmode)</onclick>
					<selected>Skin.HasSetting(touchmode)</selected>
				</control>
				<control type="button" id="508">
					<label>Configure Personal API Keys</label>
					<include>DefaultSettingButton</include>
					<onclick condition="!System.HasAddon(script.skin.helper.service)">InstallAddon(script.skin.helper.service)</onclick>
					<onclick condition="System.HasAddon(script.module.metadatautils)">Addon.OpenSettings(script.module.metadatautils)</onclick>
				</control>
				<control type="radiobutton" id="505">
					<label>Toggle Debug Info</label>
					<include>DefaultSettingButton</include>
					<selected>Skin.HasSetting(Skin.ToggleDebug)</selected>
					<onclick>Skin.ToggleSetting(Skin.ToggleDebug)</onclick>
					<onclick>Skin.ToggleDebug</onclick>
				</control>
			</control>

			<!-- Required addons  -->
			<control type="grouplist" id="300">
				<top>160</top>
				<left>0</left>
				<right>0</right>
				<bottom>140</bottom>
				<onleft>9000</onleft>
				<onup>300</onup>
				<pagecontrol>60</pagecontrol>
				<ondown>300</ondown>
				<visible>Container(9000).HasFocus(7)</visible>
				<control type="label" id="30011321">
					<textoffsetx>45</textoffsetx>
					<top>0</top>
					<align>center</align>
					<aligny>center</aligny>
					<font>font28_title</font>
					<textcolor>grey</textcolor>
					<shadowcolor>black</shadowcolor>
				</control>
				<control type="radiobutton" id="302">
					<label>Marcelveldt's BETA repository $INFO[System.AddonVersion(repository.marcelveldt),(,)]</label>
					<textureradioonfocus colordiffuse="ffffffff">buttons/status-on.png</textureradioonfocus>
					<textureradioonnofocus colordiffuse="ffffffff">buttons/status-on.png</textureradioonnofocus>
					<textureradioofffocus colordiffuse="fff02222">buttons/status-off.png</textureradioofffocus>
					<textureradiooffnofocus colordiffuse="fff02222">buttons/status-off.png</textureradiooffnofocus>
					<onclick condition="!System.HasAddon(repository.marcelveldt)">InstallAddon(repository.marcelveldt)</onclick>
					<onclick condition="System.HasAddon(repository.marcelveldt)">Addon.OpenSettings(repository.marcelveldt)</onclick>
					<selected>System.HasAddon(repository.marcelveldt)</selected>
					<include>DefaultSettingButton</include>
				</control>
				<control type="label" id="30013">
					<textoffsetx>45</textoffsetx>
					<top>0</top>
					<align>center</align>
					<aligny>center</aligny>
					<font>font28_title</font>
					<textcolor>grey</textcolor>
					<shadowcolor>black</shadowcolor>
				</control>
				<control type="radiobutton" id="303">
					<label>Skin Shortcuts $INFO[System.AddonVersion(script.skinshortcuts),(,)]</label>
					<textureradioonfocus colordiffuse="ffffffff">buttons/status-on.png</textureradioonfocus>
					<textureradioonnofocus colordiffuse="ffffffff">buttons/status-on.png</textureradioonnofocus>
					<textureradioofffocus colordiffuse="fff02222">buttons/status-off.png</textureradioofffocus>
					<textureradiooffnofocus colordiffuse="fff02222">buttons/status-off.png</textureradiooffnofocus>
					<onclick condition="!System.HasAddon(script.skinshortcuts)">InstallAddon(script.skinshortcuts)</onclick>
					<onclick condition="System.HasAddon(script.skinshortcuts)">Addon.OpenSettings(script.skinshortcuts)</onclick>
					<selected>System.HasAddon(script.skinshortcuts)</selected>
					<include>DefaultSettingButton</include>
				</control>
				<control type="radiobutton" id="304">
					<label>Skin Helper Service $INFO[System.AddonVersion(script.skin.helper.service),(,)]</label>
					<textureradioonfocus colordiffuse="ffffffff">buttons/status-on.png</textureradioonfocus>
					<textureradioonnofocus colordiffuse="ffffffff">buttons/status-on.png</textureradioonnofocus>
					<textureradioofffocus colordiffuse="fff02222">buttons/status-off.png</textureradioofffocus>
					<textureradiooffnofocus colordiffuse="fff02222">buttons/status-off.png</textureradiooffnofocus>
					<onclick condition="!System.HasAddon(script.skin.helper.service)">InstallAddon(script.skin.helper.service)</onclick>
					<onclick condition="System.HasAddon(script.skin.helper.service)">Addon.OpenSettings(script.skin.helper.service)</onclick>
					<selected>System.HasAddon(script.skin.helper.service)</selected>
					<include>DefaultSettingButton</include>
				</control>
				<control type="radiobutton" id="305">
					<label>Skin Helper Service Widgets $INFO[System.AddonVersion(script.skin.helper.widgets),(,)]</label>
					<textureradioonfocus colordiffuse="ffffffff">buttons/status-on.png</textureradioonfocus>
					<textureradioonnofocus colordiffuse="ffffffff">buttons/status-on.png</textureradioonnofocus>
					<textureradioofffocus colordiffuse="fff02222">buttons/status-off.png</textureradioofffocus>
					<textureradiooffnofocus colordiffuse="fff02222">buttons/status-off.png</textureradiooffnofocus>
					<onclick condition="!System.HasAddon(script.skin.helper.widgets)">InstallAddon(script.skin.helper.widgets)</onclick>
					<onclick condition="System.HasAddon(script.skin.helper.widgets)">Addon.OpenSettings(script.skin.helper.widgets)</onclick>
					<selected>System.HasAddon(script.skin.helper.widgets)</selected>
					<include>DefaultSettingButton</include>
				</control>
				<control type="radiobutton" id="308">
					<label>Skin Helper Service ColorPicker $INFO[System.AddonVersion(script.skin.helper.colorpicker),(,)]</label>
					<textureradioonfocus colordiffuse="ffffffff">buttons/status-on.png</textureradioonfocus>
					<textureradioonnofocus colordiffuse="ffffffff">buttons/status-on.png</textureradioonnofocus>
					<textureradioofffocus colordiffuse="fff02222">buttons/status-off.png</textureradioofffocus>
					<textureradiooffnofocus colordiffuse="fff02222">buttons/status-off.png</textureradiooffnofocus>
					<onclick condition="!System.HasAddon(script.skin.helper.colorpicker)">InstallAddon(script.skin.helper.colorpicker)</onclick>
					<onclick condition="System.HasAddon(script.skin.helper.colorpicker)">Addon.OpenSettings(script.skin.helper.colorpicker)</onclick>
					<selected>System.HasAddon(script.skin.helper.colorpicker)</selected>
					<include>DefaultSettingButton</include>
				</control>
				<control type="radiobutton" id="309">
					<label>Skin Helper Service Backup $INFO[System.AddonVersion(script.skin.helper.skinbackup),(,)]</label>
					<textureradioonfocus colordiffuse="ffffffff">buttons/status-on.png</textureradioonfocus>
					<textureradioonnofocus colordiffuse="ffffffff">buttons/status-on.png</textureradioonnofocus>
					<textureradioofffocus colordiffuse="fff02222">buttons/status-off.png</textureradioofffocus>
					<textureradiooffnofocus colordiffuse="fff02222">buttons/status-off.png</textureradiooffnofocus>
					<onclick condition="!System.HasAddon(script.skin.helper.skinbackup)">InstallAddon(script.skin.helper.skinbackup)</onclick>
					<onclick condition="System.HasAddon(script.skin.helper.skinbackup)">Addon.OpenSettings(script.skin.helper.skinbackup)</onclick>
					<selected>System.HasAddon(script.skin.helper.skinbackup)</selected>
					<include>DefaultSettingButton</include>
				</control>
				<control type="radiobutton" id="315">
					<label>YouTube $INFO[System.AddonVersion(plugin.video.youtube),(,)]</label>
					<textureradioonfocus colordiffuse="ffffffff">buttons/status-on.png</textureradioonfocus>
					<textureradioonnofocus colordiffuse="ffffffff">buttons/status-on.png</textureradioonnofocus>
					<textureradioofffocus colordiffuse="fff02222">buttons/status-off.png</textureradioofffocus>
					<textureradiooffnofocus colordiffuse="fff02222">buttons/status-off.png</textureradiooffnofocus>
					<onclick condition="!System.HasAddon(plugin.video.youtube)">InstallAddon(plugin.video.youtube)</onclick>
					<onclick condition="System.HasAddon(plugin.video.youtube)">Addon.OpenSettings(plugin.video.youtube)</onclick>
					<selected>System.HasAddon(plugin.video.youtube)</selected>
					<include>DefaultSettingButton</include>
				</control>
				<control type="label" id="30015">
					<textoffsetx>45</textoffsetx>
					<top>0</top>
					<align>center</align>
					<aligny>center</aligny>
					<font>font28_title</font>
					<textcolor>grey</textcolor>
					<shadowcolor>black</shadowcolor>
				</control>
				<control type="radiobutton" id="307">
					<label>ExtendedInfo Script $INFO[System.AddonVersion(script.extendedinfo),(,)]</label>
					<textureradioonfocus colordiffuse="ffffffff">buttons/status-on.png</textureradioonfocus>
					<textureradioonnofocus colordiffuse="ffffffff">buttons/status-on.png</textureradioonnofocus>
					<textureradioofffocus colordiffuse="fff02222">buttons/status-off.png</textureradioofffocus>
					<textureradiooffnofocus colordiffuse="fff02222">buttons/status-off.png</textureradiooffnofocus>
					<onclick condition="!System.HasAddon(script.extendedinfo)">InstallAddon(script.extendedinfo)</onclick>
					<onclick condition="System.HasAddon(script.extendedinfo)">Addon.OpenSettings(script.extendedinfo)</onclick>
					<selected>System.HasAddon(script.extendedinfo)</selected>
					<include>DefaultSettingButton</include>
				</control>
				<control type="radiobutton" id="314">
					<label>AutoCompletion for virtual keyboard $INFO[System.AddonVersion(plugin.program.autocompletion),(,)]</label>
					<textureradioonfocus colordiffuse="ffffffff">buttons/status-on.png</textureradioonfocus>
					<textureradioonnofocus colordiffuse="ffffffff">buttons/status-on.png</textureradioonnofocus>
					<textureradioofffocus colordiffuse="fff02222">buttons/status-off.png</textureradioofffocus>
					<textureradiooffnofocus colordiffuse="fff02222">buttons/status-off.png</textureradiooffnofocus>
					<onclick condition="!System.HasAddon(plugin.program.autocompletion)">InstallAddon(plugin.program.autocompletion)</onclick>
					<onclick condition="System.HasAddon(plugin.program.autocompletion)">Addon.OpenSettings(plugin.program.autocompletion)</onclick>
					<selected>System.HasAddon(plugin.program.autocompletion)</selected>
					<include>DefaultSettingButton</include>
				</control>
				<control type="radiobutton" id="313">
					<label>Artwork Downloader $INFO[System.AddonVersion(script.artwork.downloader),(,)]</label>
					<textureradioonfocus colordiffuse="ffffffff">buttons/status-on.png</textureradioonfocus>
					<textureradioonnofocus colordiffuse="ffffffff">buttons/status-on.png</textureradioonnofocus>
					<textureradioofffocus colordiffuse="fff02222">buttons/status-off.png</textureradioofffocus>
					<textureradiooffnofocus colordiffuse="fff02222">buttons/status-off.png</textureradiooffnofocus>
					<onclick condition="!System.HasAddon(script.artwork.downloader)">InstallAddon(script.artwork.downloader)</onclick>
					<onclick condition="System.HasAddon(script.artwork.downloader)">Addon.OpenSettings(script.artwork.downloader)</onclick>
					<selected>System.HasAddon(script.artwork.downloader)</selected>
					<include>DefaultSettingButton</include>
				</control>
				<control type="radiobutton" id="316">
					<label>CU LRC Lyrics $INFO[System.AddonVersion(script.cu.lrclyrics),(,)]</label>
					<textureradioonfocus colordiffuse="ffffffff">buttons/status-on.png</textureradioonfocus>
					<textureradioonnofocus colordiffuse="ffffffff">buttons/status-on.png</textureradioonnofocus>
					<textureradioofffocus colordiffuse="fff02222">buttons/status-off.png</textureradioofffocus>
					<textureradiooffnofocus colordiffuse="fff02222">buttons/status-off.png</textureradiooffnofocus>
					<onclick condition="!System.HasAddon(script.cu.lrclyrics)">InstallAddon(script.cu.lrclyrics)</onclick>
					<onclick condition="System.HasAddon(script.cu.lrclyrics)">Addon.OpenSettings(script.cu.lrclyrics)</onclick>
					<selected>System.HasAddon(script.cu.lrclyrics)</selected>
					<include>DefaultSettingButton</include>
				</control>
				<control type="radiobutton" id="306">
					<label>Image Resource Select Addon $INFO[System.AddonVersion(script.image.resource.select),(,)]</label>
					<textureradioonfocus colordiffuse="ffffffff">buttons/status-on.png</textureradioonfocus>
					<textureradioonnofocus colordiffuse="ffffffff">buttons/status-on.png</textureradioonnofocus>
					<textureradioofffocus colordiffuse="fff02222">buttons/status-off.png</textureradioofffocus>
					<textureradiooffnofocus colordiffuse="fff02222">buttons/status-off.png</textureradiooffnofocus>
					<onclick condition="!System.HasAddon(script.image.resource.select)">InstallAddon(script.image.resource.select)</onclick>
					<onclick condition="System.HasAddon(script.image.resource.select)">Addon.OpenSettings(script.image.resource.select)</onclick>
					<selected>System.HasAddon(script.image.resource.select)</selected>
					<include>DefaultSettingButton</include>
				</control>
				<control type="radiobutton" id="317">
					<label>Library Editor Script $INFO[System.AddonVersion(script.libraryeditor),(,)]</label>
					<textureradioonfocus colordiffuse="ffffffff">buttons/status-on.png</textureradioonfocus>
					<textureradioonnofocus colordiffuse="ffffffff">buttons/status-on.png</textureradioonnofocus>
					<textureradioofffocus colordiffuse="fff02222">buttons/status-off.png</textureradioofffocus>
					<textureradiooffnofocus colordiffuse="fff02222">buttons/status-off.png</textureradiooffnofocus>
					<onclick condition="!System.HasAddon(script.libraryeditor)">InstallAddon(script.libraryeditor)</onclick>
					<onclick condition="System.HasAddon(script.libraryeditor)">Addon.OpenSettings(script.libraryeditor)</onclick>
					<selected>System.HasAddon(script.libraryeditor)</selected>
					<include>DefaultSettingButton</include>
				</control>
			</control>

			<!-- Back up/ Restore  -->
			<control type="grouplist" id="400">
				<top>168</top>
				<left>0</left>
				<right>0</right>
				<bottom>142</bottom>
				<onleft>9000</onleft>
				<onright>60</onright>
				<onup>400</onup>
				<ondown>400</ondown>
				<pagecontrol>60</pagecontrol>
				<visible>Container(9000).HasFocus(8)</visible>
				<control type="button" id="401">
					<include>DefaultSettingButton</include>
					<label>Backup Skin Settiings</label>
					<onclick>RunScript(script.skin.helper.skinbackup,action=backup)</onclick>
				</control>
				<control type="button" id="402">
					<include>DefaultSettingButton</include>
					<label>  ∟Location of Backup File</label>
					<onclick condition="!System.HasAddon(script.skin.helper.skinbackup)">InstallAddon(script.skin.helper.skinbackup)</onclick>
					<onclick condition="System.HasAddon(script.skin.helper.skinbackup)">Addon.OpenSettings(script.skin.helper.skinbackup)</onclick>
				</control>
				<control type="button" id="403">
					<label>Restore Skin Settings</label>
					<include>DefaultSettingButton</include>
					<onclick>RunScript(script.skin.helper.skinbackup,action=restore)</onclick>
				</control>
			</control>

			<control type="image">
				<description>Dialog Header image</description>
				<left>0</left>
				<top>160</top>
				<right>0</right>
				<height>3</height>
				<texture colordiffuse="button_focus" border="2">dialogs/separator-grey.png</texture>
			</control>
			<control type="image">
				<description>Dialog Header image</description>
				<left>0</left>
				<bottom>134</bottom>
				<right>0</right>
				<height>3</height>
				<texture colordiffuse="button_focus" border="2">dialogs/separator-grey.png</texture>
			</control>
		</control>
		<control type="group">
			<depth>DepthContentPanel</depth>
			<left>0</left>
			<include>OpenClose_Left</include>
			<include content="ContentPanel">
				<param name="width" value="530" />
			</include>
			<control type="list" id="9000">
				<description>button area</description>
				<left>0</left>
				<top>160</top>
				<width>470</width>
				<height>700</height>
				<onleft>10000</onleft>
				<onright>10000</onright>
				<onup>9000</onup>
				<ondown>9000</ondown>
				<itemlayout height="90" width="470">
					<control type="label">
						<textoffsetx>30</textoffsetx>
						<width>470</width>
						<height>90</height>
						<label>$INFO[ListItem.Label]</label>
						<font>font37</font>
						<aligny>center</aligny>
					</control>
				</itemlayout>
				<focusedlayout height="90" width="470">
					<control type="image">
						<width>470</width>
						<height>90</height>
						<texture colordiffuse="button_focus">lists/focus.png</texture>
						<animation effect="fade" start="100" end="50" time="40" condition="!Control.HasFocus(9000)">Conditional</animation>
					</control>
					<control type="label">
						<textoffsetx>30</textoffsetx>
						<width>470</width>
						<height>90</height>
						<font>font37</font>
						<aligny>center</aligny>
						<label>$INFO[ListItem.Label]</label>
					</control>
				</focusedlayout>
				<content>
					<item id="1">
						<label>Main Menu Items</label>
						<onclick>noop</onclick>
					</item>
					<item id="2">
						<label>Customize Menu</label>
						<onclick>noop</onclick>
					</item>
					<item id="3">
						<label>OSD / Widgets</label>
						<onclick>noop</onclick>
					</item>
					<item id="4">
						<label>Overlays / Background</label>
						<onclick>noop</onclick>
					</item>
					<item id="5">
						<label>Artwork / Views</label>
						<onclick>noop</onclick>
					</item>
					<item id="6">
						<label>General</label>
						<onclick>noop</onclick>
					</item>
					<item id="7">
						<label>Required Addons</label>
						<onclick>noop</onclick>
					</item>
					<item id="8">
						<label>Backup / Restore</label>
						<onclick>noop</onclick>
					</item>
				</content>
			</control>
		</control>
		<control type="scrollbar" id="60">
			<right>0</right>
			<top>163</top>
			<width>12</width>
			<bottom>137</bottom>
			<orientation>vertical</orientation>
			<texturesliderbackground />
			<animation effect="slide" end="6,0" time="300" tween="sine" easing="inout" condition="!Control.HasFocus(60)">conditional</animation>
			<onleft>610</onleft>
			<onright>610</onright>
			<animation effect="fade" start="0" end="100" time="200" delay="300">Visible</animation>
			<animation effect="fade" start="100" end="0" time="200">Hidden</animation>
			<animation effect="fade" start="0" end="100" delay="300" time="320">WindowOpen</animation>
			<animation effect="fade" start="100" end="0" time="150">WindowClose</animation>
			<visible>Control.IsVisible(610)</visible>
		</control>
		<include content="TopBar">
			<param name="breadcrumbs_label" value="$LOCALIZE[5] / $LOCALIZE[20077]" />
		</include>
		<include>BottomBar</include>
		<control type="textbox" id="6">
			<include>OpenClose_Right</include>
			<description>description area</description>
			<left>510</left>
			<bottom>27</bottom>
			<width>1350</width>
			<height>100</height>
			<font>font12</font>
			<align>justify</align>
			<textcolor>button_focus</textcolor>
			<label>$VAR[SkinSettingsHelpTextVar]</label>
			<autoscroll time="3000" delay="5000" repeat="5000">true</autoscroll>
		</control>
	</controls>
</window>
