<?xml version="1.0" encoding="UTF-8"?>
<includes>
	<!-- Skin Shortcuts Backgrounds  -->
	<variable name="SkinShortcutsBackgroundsVar">
		<value condition="!String.IsEmpty(Container(9000).ListItem.Property(background))">$INFO[Container(9000).ListItem.Property(background)]</value>
	</variable>
	<variable name="SystemInfoColor">
		<value condition="!String.IsEmpty(Skin.String(SystemInfoColor))">$INFO[Skin.String(SystemInfoColor)]</value>
		<value>FF575757</value>
	</variable>
	<variable name="secondHighlightColor">
		<value condition="!String.IsEmpty(Skin.String(secondHighlightColor))">$INFO[Skin.String(secondHighlightColor)]</value>
		<value>FFE6D586</value>
	</variable>
	<variable name="castInfo">
		<value condition="!String.IsEmpty(ListItem.DBTYPE) + !String.IsEmpty(ListItem.DBID)">plugin://script.skin.helper.service/?action=getcast&amp;$INFO[ListItem.DBTYPE]=$INFO[ListItem.DBID]&amp;downloadthumbs=$INFO[Skin.String(actorthumbslookup)]&amp;castaction=$INFO[Skin.String(videoinfo_castaction)]</value>
        <value condition="!String.IsEmpty(ListItem.DBTYPE)">plugin://script.skin.helper.service/?action=getcast&amp;$INFO[ListItem.DBTYPE]=$INFO[ListItem.Title]&amp;downloadthumbs=$INFO[Skin.String(actorthumbslookup)]&amp;castaction=$INFO[Skin.String(videoinfo_castaction)]</value>
        <value condition="!String.IsEmpty(ListItem.Property(DBTYPE)) + !String.IsEmpty(ListItem.Property(DBID))">plugin://script.skin.helper.service/?action=getcast&amp;$INFO[ListItem.Propery(DBTYPE)]=$INFO[ListItem.Propery(DBID)]&amp;downloadthumbs=$INFO[Skin.String(actorthumbslookup)]&amp;castaction=$INFO[Skin.String(videoinfo_castaction)]</value>
        <value condition="!String.IsEmpty(ListItem.Property(DBTYPE))">plugin://script.skin.helper.service/?action=getcast&amp;$INFO[ListItem.Propery(DBTYPE)]=$INFO[ListItem.Title]&amp;downloadthumbs=$INFO[Skin.String(actorthumbslookup)]&amp;castaction=$INFO[Skin.String(videoinfo_castaction)]</value>
        <value condition="!String.IsEmpty(Container.Content)">plugin://script.skin.helper.service/?action=getcast&amp;$INFO[Container.Content]=$INFO[ListItem.Title]&amp;downloadthumbs=$INFO[Skin.String(actorthumbslookup)]&amp;castaction=$INFO[Skin.String(videoinfo_castaction)]</value>
     </variable>
	<variable name="BackgroundColorVar">
		<value condition="!String.IsEmpty(Skin.String(BackgroundColor))">$INFO[Skin.String(BackgroundColor)]</value>
		<value>primary_background</value>
	</variable>
	<variable name="Label_SkinSetting_PatternColor">
		<value condition="!String.IsEmpty(Skin.String(PatternColor))">$INFO[Skin.String(PatternColor)]</value>
		<value>$LOCALIZE[15109]</value>
	</variable>
	<variable name="RatingColorVar">
		<value condition="!String.IsEmpty(Skin.String(RatingStringColor))">$INFO[Skin.String(RatingStringColor)]</value>
		<value>white</value>
	</variable>
	<variable name="SkinColorVar">
		<value condition="!String.IsEmpty(Skin.String(SkinColor))">$INFO[Skin.String(SkinColor)]</value>
		<value>button_focus</value>
	</variable>
	<variable name="GradientColorVar">
		<value condition="!String.IsEmpty(Skin.String(GradientColor))">$INFO[Skin.String(GradientColor)]</value>
		<value>gradient_focus</value>
	</variable>
	<variable name="BackgroundColorVar">
		<value condition="!String.IsEmpty(Skin.String(BackgroundColor))">$INFO[Skin.String(BackgroundColor)]</value>
		<value>primary_background</value>
	</variable>
	<variable name="PatternColorVar">
		<value condition="!String.IsEmpty(Skin.String(PatternColor))">$INFO[Skin.String(PatternColor)]</value>
		<value>00000000</value>
	</variable>
	<variable name="FanartImageVar">
		<value condition="ListItem.IsParentFolder">special://skin/extras/home-images/movies.jpg</value>
		<value condition="Skin.HasSetting(hide_thumbforspoiler) + Integer.IsLess(ListItem.Playcount,1) + Container.Content(episodes) + Skin.HasSetting(SkinHelper.EnableExtraFanart) + !String.IsEmpty(Window(Home).Property(SkinHelper.ListItem.Art.ExtraFanArt))">$INFO[Window(Home).Property(SkinHelper.ListItem.Art.ExtraFanArt)]</value>
		<value condition="Skin.HasSetting(hide_thumbforspoiler) + Integer.IsLess(ListItem.Playcount,1) + Container.Content(episodes) + Skin.HasSetting(SkinHelper.EnableExtraFanart) + String.IsEmpty(Window(Home).Property(SkinHelper.ListItem.Art.ExtraFanArt))">$INFO[ListItem.Art(fanart)]</value>
		<value condition="Skin.HasSetting(hide_thumbforspoiler) + Integer.IsLess(ListItem.Playcount,1) + Container.Content(episodes) + !Skin.HasSetting(SkinHelper.EnableExtraFanart)">$INFO[ListItem.Art(fanart)]</value>
		<value condition="Container.Content(episodes)">$INFO[ListItem.Thumb]</value>
		<value condition="Skin.HasSetting(SkinHelper.EnableExtraFanart) + !String.IsEmpty(Window(Home).Property(SkinHelper.ListItem.Art.ExtraFanArt)) + !ListItem.IsCollection">$INFO[Window(Home).Property(SkinHelper.ListItem.Art.ExtraFanArt)]</value>
		<value condition="Skin.HasSetting(SkinHelper.EnableExtraFanart) + String.IsEmpty(Window(Home).Property(SkinHelper.ListItem.Art.ExtraFanArt)) + !ListItem.IsCollection">$INFO[ListItem.Art(fanart)]</value>
		<value>$INFO[ListItem.Art(fanart)]</value>
	</variable>
	<variable name="IconWallPosterVar">
		<value condition="!String.IsEmpty(ListItem.Art(animatedposter)) + Skin.HasSetting(Skin_EnableAnimatedPosters)">$INFO[ListItem.Art(animatedposter)]</value>
		<value condition="!String.IsEmpty(ListItem.Art(season.poster)) + Container.Content(episodes)">$INFO[ListItem.Art(season.poster)]</value>
		<value>$INFO[Listitem.Art(poster)]</value>
	</variable>
	<variable name="TrailerButtonLabelVar">
		<value condition="Player.HasVideo">$LOCALIZE[40221]</value>
		<value>$LOCALIZE[20410]</value>
	</variable>
	<variable name="PlayerFanartVar">
		<value condition="Skin.HasSetting(enable_artistslideshow) + !String.IsEmpty(Window(Home).Property(SkinHelper.Player.Art.ExtraFanArt))">$INFO[Window(Home).Property(SkinHelper.Player.Art.ExtraFanArt)]</value>
		<value condition="Skin.HasSetting(enable_artistslideshow) + String.IsEmpty(Window(Home).Property(SkinHelper.Player.Art.ExtraFanArt))">$INFO[Player.Art(fanart)]</value>
		<value condition="!Skin.HasSetting(enable_artistslideshow)">$INFO[Player.Art(fanart)]</value>
	</variable>
	<variable name="PlayerFanartOpacityVar">
		<value condition="Skin.HasSetting(hide_fanartopacity) + !Player.ShowInfo + !Window.IsVisible(musicosd)"></value>
		<value>88FFFFFF</value>
	</variable>
	<variable name="PlayerInfoClearArtVar">
		<value condition="!String.IsEmpty(Player.Art(tvshow.clearart))">$INFO[Player.Art(tvshow.clearart)]</value>
		<value>$INFO[Player.Art(clearart)]</value>
	</variable>
	<variable name="ClearLogoVar">
		<value condition="!String.IsEmpty(ListItem.Art(tvshow.clearlogo))">$INFO[ListItem.Art(tvshow.clearlogo)]</value>
		<value condition="!String.IsEmpty(ListItem.Art(clearlogo))">$INFO[ListItem.Art(clearlogo)]</value>
		<value condition="!String.IsEmpty(Window(Home).Property(SkinHelper.ListItem.Art.Clearlogo))">$INFO[Window(Home).Property(SkinHelper.ListItem.Art.Clearlogo)]</value>
	</variable>

	<variable name="LibraryClearLogoVar">
		<value condition="!String.IsEmpty(ListItem.Art(tvshow.clearlogo))">$INFO[ListItem.Art(tvshow.clearlogo)]</value>
		<value condition="!String.IsEmpty(ListItem.Art(clearlogo))">$INFO[ListItem.Art(clearlogo)]</value>
		<value condition="!String.IsEmpty(Window(Home).Property(SkinHelper.ListItem.Art.Clearlogo))">$INFO[Window(Home).Property(SkinHelper.ListItem.Art.Clearlogo)]</value>
	</variable>
	<variable name="ViewClearLogoVar">
		<value condition="!String.IsEmpty(ListItem.Art(tvshow.clearlogo))">$INFO[ListItem.Art(tvshow.clearlogo)]</value>
		<value condition="!String.IsEmpty(ListItem.Art(clearlogo))">$INFO[ListItem.Art(clearlogo)]</value>
	</variable>
	<variable name="ViewClearArtVar">
		<value condition="!String.IsEmpty(ListItem.Art(tvshow.clearart))">$INFO[ListItem.Art(tvshow.clearart)]</value>
		<value condition="!String.IsEmpty(ListItem.Art(clearart))">$INFO[ListItem.Art(clearart)]</value>
		<value condition="!String.IsEmpty(ListItem.Art(clearlogo)) + ListItem.IsCollection">$INFO[ListItem.Art(clearlogo)]</value>
		<value condition="!String.IsEmpty(Window(Home).Property(SkinHelper.ListItem.Art.Clearlogo)) + ListItem.IsCollection">$INFO[Window(Home).Property(SkinHelper.ListItem.Art.Clearlogo)]</value>
	</variable>
	<variable name="HomeClearLogoVar">
		<value condition="!String.IsEmpty(Container().ListItem.Art(tvshow.clearlogo))">$INFO[Container().ListItem.Art(tvshow.clearlogo)]</value>
		<value condition="!String.IsEmpty(Container().ListItem.Art(clearlogo))">$INFO[Container().ListItem.Art(clearlogo)]</value>
		<value condition="!String.IsEmpty(Window(Home).Property(SkinHelper.ListItem.Art.Clearlogo))">$INFO[Window(Home).Property(SkinHelper.ListItem.Art.Clearlogo)]</value>
	</variable>
	<variable name="OSDCastVar">
		<value condition="!String.IsEmpty(Window(home).Property(NextUpNotification.NowPlaying.Type)) + String.IsEqual(Window(home).Property(NextUpNotification.NowPlaying.Type),movie) + Integer.IsGreater(Window(home).Property(NextUpNotification.NowPlaying.DBID),-1)">plugin://script.skin.helper.service/?action=getcast&amp;movie=$INFO[Window(home).Property(NextUpNotification.NowPlaying.DBID)]</value>
		<value condition="!String.IsEmpty(Window(home).Property(NextUpNotification.NowPlaying.Type)) + String.IsEqual(Window(home).Property(NextUpNotification.NowPlaying.Type),episode) + Integer.IsGreater(Window(home).Property(NextUpNotification.NowPlaying.DBID),-1)">plugin://script.skin.helper.service/?action=getcast&amp;tvshow=$INFO[Window(home).Property(NextUpNotification.NowPlaying.DBID)]</value>
		<value condition="VideoPlayer.Content(movies)">plugin://script.skin.helper.service/?action=getcast&amp;movie=$INFO[VideoPlayer.Title]</value>
		<value condition="VideoPlayer.Content(episodes)">plugin://script.skin.helper.service/?action=getcast&amp;tvshow=$INFO[VideoPlayer.TvShowTitle]</value>
		<value condition="VideoPlayer.Content(livetv)">plugin://script.skin.helper.service/?action=getcast&amp;movie=$INFO[VideoPlayer.Title]</value>
	</variable>
	<variable name="VideoInfoCastVar">
		<value condition="VideoPlayer.Content(movies)">plugin://script.skin.helper.service/?action=getcast&amp;movie=$INFO[ListItem.Title]</value>
		<value condition="VideoPlayer.Content(episodes)">plugin://script.skin.helper.service/?action=getcast&amp;tvshow=$INFO[ListItem.TvShowTitle]</value>
	</variable>
	<variable name="VideoInfoArt">
		<value condition="!String.IsEmpty(Window(Home).Property(SkinHelper.ListItem.Art.Fanart))">$INFO[Window(Home).Property(SkinHelper.ListItem.Art.Poster)]</value> 
		<value condition="!String.IsEmpty(Window(Home).Property(SkinHelper.ListItem.Art.Fanart))">$INFO[Window(Home).Property(SkinHelper.ListItem.Art.Fanart)]</value>
	</variable>
<!----------------------------------------------------------------------------------------------------------------------------------------------------------------------  -->
	<variable name="Label_SkinSetting_MainMenuHighLightColor">
		<value condition="!String.IsEmpty(Skin.String(MainMenuHighLightColor))">$INFO[Skin.String(MainMenuHighLightColor)]</value>
		<value>FFe8e8e8</value>
	</variable>
	<variable name="Label_SkinSetting_SubMenuHighLightColor">
		<value condition="!String.IsEmpty(Skin.String(SubMenuHighLightColor))">$INFO[Skin.String(SubMenuHighLightColor)]</value>
		<value>FFe8e8e8</value>
	</variable>
	<variable name="Label_SkinSetting_MainMenuUnfocusedColor">
		<value condition="!String.IsEmpty(Skin.String(MainMenuUnfocusedColor))">$INFO[Skin.String(MainMenuUnfocusedColor)]</value>
		<value>FF3b3b3b</value>
	</variable>
	<variable name="Label_SkinSetting_SubMenuUnfocusedColor">
		<value condition="!String.IsEmpty(Skin.String(SubMenuUnfocusedColor))">$INFO[Skin.String(SubMenuUnfocusedColor)]</value>
		<value>FF3b3b3b</value>
	</variable>
	<variable name="Label_SkinSetting_MainMenuColor">
		<value condition="!String.IsEmpty(Skin.String(MainMenuColor))">$INFO[Skin.String(MainMenuColor)]</value>
		<value>FF181818</value>
	</variable>
	<variable name="Label_SkinSetting_SubMenuColor">
		<value condition="!String.IsEmpty(Skin.String(SubMenuColor))">$INFO[Skin.String(SubMenuColor)]</value>
		<value>00000000</value>
	</variable>
	<variable name="Label_SkinSetting_MainMenuGradientColor">
		<value condition="!String.IsEmpty(Skin.String(MainMenuGradientColor))">$INFO[Skin.String(MainMenuGradientColor)]</value>
		<value>850a1f2a</value>
	</variable>
	<variable name="Label_SkinSetting_MenuOverlay">
		<value condition="!String.IsEmpty(Skin.String(MenuOverlay))">$INFO[Skin.String(MenuOverlay)]</value>
		<value>overlays/gradient.png</value>
	</variable>
	<variable name="Label_SkinSetting_WallpaperOverlay">
		<value condition="!String.IsEmpty(Skin.String(WallpaperOverlay))">$INFO[Skin.String(WallpaperOverlay)]</value>
		<value>overlays/square.png</value>
	</variable>
	<variable name="Label_SkinSetting_WallpaperOverlayColor">
		<value condition="!String.IsEmpty(Skin.String(WallpaperOverlayColor))">$INFO[Skin.String(WallpaperOverlayColor)]</value>
		<value>FF181818</value>
	</variable>
	
	<variable name="Label_SkinSetting_Backgrounds">
		<value condition="!String.IsEmpty(Skin.String(Backgrounds)) + String.IsEmpty(Container(9000).ListItem.Property(background))">$INFO[Skin.String(Backgrounds)]</value>
		 <value  condition="String.IsEmpty(Container(9000).ListItem.Property(background))">defaulthome.jpg</value> 
	</variable>
	<variable name="Label_SkinSetting_BackgroundOverlay">
		<value condition="!String.IsEmpty(Skin.String(BackgroundOverlay))">$INFO[Skin.String(BackgroundOverlay)]</value>
		 <value>8C0E597E</value> 
	</variable>
	<variable name="Label_SkinSetting_WallpaperDelay">
		<value condition="!String.IsEmpty(Skin.String(WallpaperDelay))">$INFO[Skin.String(WallpaperDelay)]</value>
		 <value>15000</value> 
	</variable>

	 <!-- <variable name="Label_SkinSetting_RandomImageFanartDelay">
		<value condition="!String.IsEmpty(Skin.String(RandomImageFanartDelay))">$INFO[Skin.String(RandomImageFanartDelay)]</value>
		<value>30000</value>
	</variable>  -->
	<variable name="PVRStatusImageVar">
		<value condition="ListItem.IsRecording">windows/pvr/record.png</value>
		<value condition="ListItem.HasTimer | ListItem.HasTimerSchedule">windows/pvr/timer.png</value>
	</variable>
	<variable name="AutoCompletionContentVar">
		<value condition="System.HasAddon(plugin.program.autocompletion) + !System.HasHiddenInput">plugin://plugin.program.autocompletion?info=autocomplete&amp;&amp;id=$INFO[Control.GetLabel(312).index(1)]&amp;&amp;limit=9</value>
	</variable>
	<variable name="PlaylistLabelVar">
		<value condition="String.IsEqual(ListItem.DbType,episode)">$INFO[ListItem.TVShowtitle,,: ]$INFO[ListItem.Season,,x]$INFO[ListItem.Episode,,. ]$INFO[ListItem.Title]</value>
		<value condition="String.IsEqual(ListItem.DbType,musicvideo)">$INFO[ListItem.Artist,, - ]$INFO[ListItem.Title]</value>
		<value>$INFO[ListItem.Label]</value>
	</variable>
	<variable name="PlaylistLabel2Var">
		<value condition="Window.IsActive(musicplaylist)">$INFO[ListItem.Duration]</value>
		<value>$INFO[ListItem.Duration,, $LOCALIZE[12391]]</value>
	</variable>
	<variable name="InfoListPathVar">
		<value condition="String.IsEmpty(Container.PluginName)">$INFO[ListItem.FolderPath]</value>
		<value></value>
	</variable>
	<variable name="AddonCountLabel">
		<value condition="Integer.IsGreater(Container(8000).NumItems,10)">&gt;9</value>
		<value condition="Integer.IsGreater(Container(8000).NumItems,9)">9</value>
		<value condition="Integer.IsGreater(Container(8000).NumItems,8)">8</value>
		<value condition="Integer.IsGreater(Container(8000).NumItems,7)">7</value>
		<value condition="Integer.IsGreater(Container(8000).NumItems,6)">6</value>
		<value condition="Integer.IsGreater(Container(8000).NumItems,5)">5</value>
		<value condition="Integer.IsGreater(Container(8000).NumItems,4)">4</value>
		<value condition="Integer.IsGreater(Container(8000).NumItems,3)">3</value>
		<value condition="Integer.IsGreater(Container(8000).NumItems,2)">2</value>
		<value condition="Integer.IsGreater(Container(8000).NumItems,0)">1</value>
		<value>[COLOR grey]0[/COLOR]</value>
	</variable>
	<variable name="MusicInfoTextboxVar">
		<value condition="String.IsEqual(ListItem.DbType,song)">$INFO[ListItem.Comment,[B]$LOCALIZE[569][/B][CR][COLOR=white],[/COLOR]]</value>
		<value condition="String.IsEqual(ListItem.DbType,album)">$INFO[ListItem.Property(Album_Description),[COLOR=white],[/COLOR]]</value>
		<value condition="String.IsEqual(ListItem.DbType,artist)">$INFO[ListItem.Property(Artist_Description),[COLOR=white],[/COLOR]]</value>
	</variable>
	<variable name="NowPlayingSublabelVar">
		<value condition="VideoPlayer.Content(episodes)">$INFO[VideoPlayer.TvShowTitle]</value>
		<value condition="VideoPlayer.Content(movies)">$INFO[VideoPlayer.Year]$INFO[VideoPlayer.Genre, - ]</value>
		<value condition="VideoPlayer.Content(livetv)">$INFO[VideoPlayer.ChannelName]</value>
		<value condition="Player.HasAudio">$INFO[MusicPlayer.Artist]</value>
	</variable>
	<variable name="FullScreenInfoTextBoxVar">
		<value condition="Control.HasFocus(5553)">$INFO[VideoPlayer.Tagline,[B],[/B][CR]]$INFO[VideoPlayer.Plot]</value>
		<value condition="Control.HasFocus(5555)">$INFO[VideoPlayer.NextTitle,[B],[/B][CR]]$INFO[VideoPlayer.NextPlot]</value>
		<value condition="Control.HasFocus(55556)">$INFO[VideoPlayer.Tagline,[B],[/B][CR]]$INFO[VideoPlayer.Plot]</value>
		<value>$INFO[VideoPlayer.CastAndRole]</value>
	</variable>
	<variable name="NowPlayingIconVar">
		<value condition="Player.Paused">icons/now-playing/pause.png</value>
		<value>icons/now-playing/play.png</value>
	</variable>
	<variable name="NowPlayingPosterVar">
		<value condition="!String.IsEmpty(Player.Art(poster))">$INFO[Player.Art(poster)]</value>
		<value condition="!String.IsEmpty(Player.Art(tvshow.poster))">$INFO[Player.Art(tvshow.poster)]</value>
		<value condition="String.IsEmpty(Player.Art(thumb)) + VideoPlayer.Content(livetv)">DefaultTVShows.png</value>
		<value>$INFO[Player.Art(thumb)]</value>
	</variable>
	<variable name="ShiftThumbVar">
		<value condition="ListItem.IsParentFolder">DefaultFolderBackSquare.png</value>
		<value condition="String.IsEmpty(Listitem.Thumb) + [String.IsEqual(listitem.dbtype,album) | String.IsEqual(listitem.dbtype,artist)]">DefaultAudio.png</value>
		<value condition="ListItem.IsFolder + String.IsEmpty(ListItem.Thumb)">DefaultFolderSquare.png</value>
		<value>$INFO[ListItem.Thumb]</value>
	</variable>
	<variable name="MusicInfoThumbVar">
		<value condition="!String.IsEmpty(Listitem.Art(thumb))">$INFO[Listitem.Art(thumb)]</value>
		<value condition="String.IsEqual(listitem.dbtype,artist)">DefaultArtist.png</value>
		<value condition="String.IsEqual(listitem.dbtype,album)">DefaultAlbumCover.png</value>
		<value>DefaultAudio.png</value>
	</variable>
	<variable name="InfoWallThumbVar">
		<value condition="!String.IsEmpty(Listitem.Art(poster))">$INFO[Listitem.Art(poster)]</value>
		<value>$INFO[ListItem.Icon]</value>
	</variable>
	<variable name="IconWallThumbVar">
		<value condition="String.IsEqual(listitem.dbtype,studio) + System.HasAddon(resource.images.moviegenreicons.transparent)">$INFO[ListItem.Label,resource://resource.images.studios.white/,.png]</value>
		<value condition="!String.isempty(ListItem.Thumb)">$INFO[ListItem.Thumb]</value>
		<value>$INFO[ListItem.Icon]</value>
	</variable>
	<variable name="ListLabel2Var">
		<value condition="String.IsEmpty(Container.PluginName) + Container.Content(tvshows) + String.IsEqual(Container.SortMethod,$LOCALIZE[556])">$INFO[ListItem.Property(WatchedEpisodes)]$INFO[ListItem.Property(TotalEpisodes), / ,]</value>
		<value condition="String.IsEqual(Container.SortMethod,$LOCALIZE[556])">$INFO[ListItem.Year]</value>
		<value condition="!String.isempty(ListItem.Appearances)">$LOCALIZE[38026]: $INFO[ListItem.Appearances]</value>
		<value>$INFO[ListItem.Label2]</value>
	</variable>
	<variable name="ShiftLeftTextBoxVar">
		<value condition="Window.IsActive(pictures)">$INFO[ListItem.Property(description),,[CR]]$INFO[ListItem.PictureDatetime,[COLOR button_focus]$LOCALIZE[552]:  [/COLOR],[CR]]$INFO[ListItem.PictureResolution,[COLOR button_focus]$LOCALIZE[169]:  [/COLOR],[CR]]$INFO[ListItem.PictureCamMake,[COLOR button_focus]$LOCALIZE[31041]:  [/COLOR],[CR]]$INFO[ListItem.PictureCamModel,[COLOR button_focus]$LOCALIZE[21823]:  [/COLOR],[CR]]</value>
		<value condition="String.IsEqual(listitem.dbtype,artist)">$INFO[ListItem.Genre,[COLOR button_focus]$LOCALIZE[515]:  [/COLOR],[CR]]$INFO[ListItem.Property(Artist_YearsActive),[COLOR button_focus]$LOCALIZE[21898]:  [/COLOR],[CR]]$INFO[ListItem.Property(Artist_Style),[COLOR button_focus]$LOCALIZE[736]:  [/COLOR],[CR]]</value>
		<value condition="String.IsEqual(listitem.dbtype,album)">$INFO[ListItem.Year,[COLOR button_focus]$LOCALIZE[345]:  [/COLOR],[CR]]$INFO[ListItem.Genre,[COLOR button_focus]$LOCALIZE[515]:  [/COLOR],[CR]]$INFO[ListItem.Property(album_label),[COLOR button_focus]$LOCALIZE[21899]:  [/COLOR],[CR]]$INFO[ListItem.Property(album_style),[COLOR button_focus]$LOCALIZE[736]:  [/COLOR],[CR]]</value>
		<value condition="String.IsEqual(Listitem.DBType,season) | String.IsEqual(Listitem.DBType,tvshow)">$INFO[ListItem.Genre,[COLOR button_focus]$LOCALIZE[515]:  [/COLOR],[CR]]$INFO[ListItem.Premiered,[COLOR button_focus]$LOCALIZE[20416]:  [/COLOR]]</value>
		<value>$INFO[ListItem.Genre,[COLOR button_focus]$LOCALIZE[515]:  [/COLOR],[CR]]$INFO[ListItem.Director,[COLOR button_focus]$LOCALIZE[20339]:  [/COLOR],[CR]]$INFO[ListItem.Writer,[COLOR button_focus]$LOCALIZE[20417]:  [/COLOR],[CR]]$INFO[ListItem.Premiered,[COLOR button_focus]$LOCALIZE[20416]:  [/COLOR]]</value>
	</variable>
	<variable name="ShiftRightTextBoxVar">
		<value condition="Window.IsActive(pictures)">$INFO[ListItem.Size,[COLOR button_focus]$LOCALIZE[289]:  [/COLOR],[CR]]$INFO[ListItem.PictureAperture,[COLOR button_focus]$LOCALIZE[21826]:  [/COLOR],[CR]]$INFO[ListItem.PictureFocalLen,[COLOR button_focus]$LOCALIZE[21827]:  [/COLOR],[CR]]$INFO[ListItem.PictureExpTime,[COLOR button_focus]$LOCALIZE[21830]:  [/COLOR],[CR]]$INFO[ListItem.Date,[COLOR button_focus]$LOCALIZE[552]:  [/COLOR],[CR]]</value>
		<value condition="String.IsEqual(listitem.dbtype,artist)">$INFO[ListItem.Property(artist_description)]</value>
		<value condition="String.IsEqual(listitem.dbtype,album)">$INFO[ListItem.Property(album_description)]</value>
		<value>$INFO[ListItem.Plot]</value>
	</variable>
	<variable name="SelectLabel">
		<value condition="Control.IsVisible(3)">[COLOR=button_focus]$INFO[Container(3).NumItems][/COLOR] $LOCALIZE[31036] - [COLOR=button_focus]$INFO[Container(3).CurrentPage]/$INFO[Container(3).NumPages][/COLOR]</value>
		<value>[COLOR=button_focus]$INFO[Container(6).NumItems][/COLOR] $LOCALIZE[31036] - [COLOR=button_focus]$INFO[Container(6).CurrentPage]/$INFO[Container(6).NumPages][/COLOR]</value>
	</variable>
	<variable name="FileBrowserSelectLabel">
		<value condition="Control.IsVisible(450)">[COLOR=button_focus]$INFO[Container(450).NumItems][/COLOR] $LOCALIZE[31036] - [COLOR=button_focus]$INFO[Container(450).CurrentPage]/$INFO[Container(450).NumPages][/COLOR]</value>
		<value>[COLOR=button_focus]$INFO[Container(451).NumItems][/COLOR] $LOCALIZE[31036] - [COLOR=button_focus]$INFO[Container(451).CurrentPage]/$INFO[Container(451).NumPages][/COLOR]</value>
	</variable>
	<variable name="BannerArtVar">
		<value condition="ListItem.IsParentFolder">DefaultBackBanner.png</value>
		<value condition="!String.IsEmpty(ListItem.Art(banner))">$INFO[ListItem.Art(banner)]</value>
		<value condition="!String.isempty(ListItem.Art(fanart))">$INFO[ListItem.Art(fanart)]</value>
		<value>dialogs/dialog-bg-nobo.png</value>
	</variable>
	<variable name="FanartImageVar">
		<value condition="ListItem.IsParentFolder">special://skin/extras/home-images/movie.jpg</value>
		<value>$INFO[ListItem.Art(fanart)]</value>
	</variable>
	<variable name="ListBoxInfoVar">
		<value condition="String.IsEqual(Container.FolderPath,addons://outdated/) + !String.IsEmpty(ListItem.Addonnews)">$INFO[ListItem.Addonnews]</value>
		<value condition="Container.Content(addons)">$INFO[ListItem.AddonDescription]</value>
		<value condition="String.IsEqual(listitem.dbtype,album)">$INFO[ListItem.Property(album_description)]</value>
		<value condition="String.IsEqual(listitem.dbtype,musicvideo) | String.IsEqual(listitem.dbtype,video)">$INFO[ListItem.Genre,[COLOR button_focus]$LOCALIZE[515]: [/COLOR],[CR]]$INFO[ListItem.Plot]</value>
		<value condition="String.IsEqual(listitem.dbtype,artist)">$INFO[ListItem.Property(artist_description)]</value>
		<value condition="!String.IsEmpty(ListItem.Plot)">$INFO[ListItem.Plot]</value>
		<value condition="String.IsEqual(listitem.dbtype,song)">$INFO[ListItem.Genre,[COLOR button_focus]$LOCALIZE[515]: [/COLOR],[CR]]$INFO[ListItem.Duration,[COLOR button_focus]$LOCALIZE[180]: [/COLOR],[CR]]$INFO[ListItem.Playcount,[COLOR button_focus]$LOCALIZE[567]: [/COLOR],[CR]]</value>
		<value>$INFO[ListItem.Genre,[COLOR button_focus]$LOCALIZE[515]: [/COLOR],[CR]]</value>
	</variable>
	<variable name="WidgetGenreIconVar">
		<value condition="System.HasAddon(resource.images.moviegenreicons.transparent)">$INFO[ListItem.Label,resource://resource.images.moviegenreicons.transparent/,.png]</value>
		<value>DefaultGenre.png</value>
	</variable>
	<variable name="WidgetStudioIconVar">
		<value condition="System.HasAddon(resource.images.studios.white)">$INFO[ListItem.Label,resource://resource.images.studios.white/,.png]</value>
		<value>DefaultStudio.png</value>
	</variable>
	<variable name="AddonsLabel2Var">
		<value condition="ListItem.Property(addon.downloading)">$INFO[ListItem.Property(addon.status)]</value>
		<value condition="!String.IsEqual(Container.SortMethod,$LOCALIZE[551])">$INFO[ListItem.Label2]</value>
		<value>$INFO[ListItem.AddonCreator,, - ]$INFO[ListItem.AddonVersion]</value>
	</variable>
	<variable name="AddonsListIconVar">
		<value condition="!String.IsEmpty(ListItem.AddonBroken)">icons/addonstatus/disable.png</value>
		<value condition="ListItem.Property(addon.orphaned)">icons/addonstatus/orphan.png</value>
		<value condition="ListItem.Property(addon.downloading)">icons/addonstatus/install.png</value>
		<value condition="ListItem.Property(addon.isinstalled) + !ListItem.Property(addon.isenabled) + Window.IsActive(addonbrowser)">icons/addonstatus/disable.png</value>
		<value condition="ListItem.Property(addon.hasupdate)">icons/addonstatus/update.png</value>
		<value condition="ListItem.Property(addon.isinstalled)">OverlayWatched.png</value>
		<value condition="!ListItem.IsParentFolder">OverlayUnwatched.png</value>
	</variable>
	<variable name="ResolutionFlagVar">
		<value condition="ListItem.IsStereoscopic">flags/videoresolution/3D.png</value>
		<value condition="Integer.IsGreater(ListItem.VideoResolution,1080)">flags/videoresolution/4K.png</value>
		<value>$INFO[ListItem.VideoResolution,flags/videoresolution/,.png]</value>
	</variable>
	<variable name="BannerVar">
		<value condition="!String.IsEmpty(ListItem.Art(banner))">$INFO[ListItem.Art(banner)]</value>
		<value condition="!String.IsEmpty(ListItem.Art(tvshow.banner))">$INFO[ListItem.Art(tvshow.banner)]</value>
		<value>$INFO[Window(Home).Property(SkinHelper.ListItem.Art.Banner)]</value>
	</variable>
	<variable name="PosterVar">
		<value condition="ListItem.IsParentFolder">DefaultFolderBackPoster.png</value>
		<value condition="!String.IsEmpty(Container.Art(season.poster)) + Container.Content(episodes)">$INFO[Container.Art(season.poster)]</value>
		<value condition="!String.IsEmpty(Container.Art(tvshow.poster)) + Container.Content(episodes)">$INFO[Container.Art(tvshow.poster)]</value>
		<value condition="!String.IsEmpty(Container.Art(tvshow.poster)) + Container.Content(seasons) + Window.IsActive(movieinformation)">$INFO[Container.Art(tvshow.poster)]</value>
		<value condition="Container.Content(actors) | Container.Content(directors)">$INFO[Container.ListItem.Art(thumb)]</value>
		<value condition="!String.IsEmpty(ListItem.Art(tvshow.poster)) + !String.IsEqual(listitem.dbtype,season)">$INFO[ListItem.Art(tvshow.poster)]</value>
		<value>$INFO[ListItem.Art(poster)]</value>
	</variable>
	<variable name="InfoDialogPosterVar">
		<value condition="!String.IsEmpty(ListItem.Art(poster))">$INFO[ListItem.Art(poster)]</value>
		<value condition="!String.IsEmpty(ListItem.Art(season.poster))">$INFO[ListItem.Art(season.poster)]</value>
		<value condition="!String.IsEmpty(ListItem.Art(tvshow.poster))">$INFO[ListItem.Art(tvshow.poster)]</value>
	</variable>
	<variable name="BannerLabel2Var">
		<value condition="String.IsEqual(Listitem.DBType,tvshow)">$INFO[ListItem.Property(WatchedEpisodes)]$INFO[ListItem.Property(TotalEpisodes), / ,]</value>
		<!-- <value>$INFO[ListItem.Year]</value>
		 -->
	</variable>
	<variable name="VideoPlayerForwardRewindVar">
		<value condition="Player.Forwarding2x | Player.Rewinding2x">2x</value>
		<value condition="Player.Forwarding4x | Player.Rewinding4x">4x</value>
		<value condition="Player.Forwarding8x | Player.Rewinding8x">8x</value>
		<value condition="Player.Forwarding16x | Player.Rewinding16x">16x</value>
		<value condition="Player.Forwarding32x | Player.Rewinding32x">32x</value>
	</variable>
	<variable name="SeekLabel">
		<value condition="!String.IsEmpty(Player.SeekStepSize)">$LOCALIZE[773][COLOR=grey] $INFO[Player.SeekStepSize][/COLOR]</value>
		<value condition="Player.Paused">$LOCALIZE[112]</value>
		<value condition="Player.Forwarding">$LOCALIZE[31039] $VAR[VideoPlayerForwardRewindVar]</value>
		<value condition="Player.Rewinding">$LOCALIZE[31038] $VAR[VideoPlayerForwardRewindVar]</value>
		<value condition="Player.IsTempo">$LOCALIZE[31142]: $INFO[Player.PlaySpeed]</value>
	</variable>
	<variable name="SeekTimeLabelVar">
		<value condition="!IsEmpty(Player.SeekNumeric)">[B]$INFO[Player.SeekNumeric(hh:mm:ss)][/B]</value>
		<value condition="Player.Seeking">$INFO[Player.SeekTime]$INFO[Player.Duration, / ]</value>
		<value>$INFO[Player.Time]$INFO[Player.Duration, / ]</value>
	</variable>
	<variable name="VideoOSDHelpTextVar">
		<value condition="Control.HasFocus(87) + [Player.Rewinding | Player.Forwarding]">$LOCALIZE[31050]</value>
		<value condition="Control.HasFocus(70011)">$LOCALIZE[20060]</value>
		<value condition="Control.HasFocus(700)">$LOCALIZE[298]</value>
		<value condition="Control.HasFocus(703)">$LOCALIZE[31106]</value>
		<value condition="Control.HasFocus(704)">$LOCALIZE[24012]</value>
		<value condition="Control.HasFocus(804)">$LOCALIZE[31092]</value>
		<value condition="Control.HasFocus(70040)">$LOCALIZE[19019]</value>
		<value condition="Control.HasFocus(70041)">$LOCALIZE[19069]</value>
		<value condition="Control.HasFocus(70043)">$LOCALIZE[5]</value>
		<value condition="Control.HasFocus(255)">$LOCALIZE[36501]</value>
		<value condition="Control.HasFocus(606)+ Player.Recording">$LOCALIZE[19059]</value>
		<value condition="Control.HasFocus(606)">$LOCALIZE[264]</value>
		<value condition="ControlGroup(6000).HasFocus + Player.SeekEnabled">$LOCALIZE[31054]</value>
	</variable>
	<variable name="MusicOSDHelpTextVar">
		<value condition="Control.HasFocus(620)">$LOCALIZE[31033]$INFO[MusicPlayer.UserRating, : ]</value>
		<value condition="Control.HasFocus(704)">$LOCALIZE[486]$INFO[Playlist.Repeat, : ]</value>
		<value condition="Control.HasFocus(607) + Playlist.IsRandom">$LOCALIZE[590]: $LOCALIZE[16041]</value>
		<value condition="Control.HasFocus(607)">$LOCALIZE[590]: $LOCALIZE[16039]</value>
		<value condition="Control.HasFocus(703)">$LOCALIZE[24013]</value>
		<value condition="Control.HasFocus(5000)">$LOCALIZE[10004]</value>
	</variable>
	<variable name="SkinSettingsHelpTextVar">
		<value condition="Container(9000).HasFocus(1)">$LOCALIZE[31129]</value>
		<value condition="Container(9000).HasFocus(2)">$LOCALIZE[31130]</value>
	</variable>
	<variable name="DSPManagerHelpTextVar">
		<value condition="Control.HasFocus(20)">$INFO[Container(20).ListItem.Property(Description)]</value>
		<value condition="Control.HasFocus(21)">$INFO[Container(21).ListItem.Property(Description)]</value>
		<value>$INFO[Container(9000).ListItem.Label2]</value>
	</variable>
	<variable name="VolumeIconVar">
		<value condition="Player.Muted">dialogs/volume/mute.png</value>
		<value condition="Integer.IsGreater(Player.Volume,66)">dialogs/volume/volume.png</value>
		<value condition="Integer.IsGreater(Player.Volume,33)">dialogs/volume/volume2.png</value>
		<value condition="player.passthrough">dialogs/volume/volume.png</value>
		<value>dialogs/volume/volume1.png</value>
	</variable>
	<variable name="ListSubLabelVar">
		<value condition="ListItem.IsCollection"></value>
		<value>[COLOR grey]$INFO[ListItem.Year, (,)][/COLOR]</value>
	</variable>
	<variable name="VideoInfoMainLabelVar">
		<value condition="!String.IsEmpty(ListItem.Title)">$INFO[ListItem.Title]$INFO[ListItem.Year, ([COLOR grey],[/COLOR])]</value>
		<value>$INFO[ListItem.Label]$INFO[ListItem.Year, ([COLOR grey],[/COLOR])]</value>
	</variable>
	<variable name="VideoInfoSubLabelVar">
		<value condition="String.IsEqual(ListItem.DBType,episode)">$INFO[ListItem.Season]$INFO[ListItem.Episode,[COLOR grey]x[/COLOR],: ]$INFO[ListItem.TVShowTitle]</value>
		<value condition="String.IsEqual(ListItem.DBType,movie)">$INFO[ListItem.Tagline,[I],[/I]]</value>
		<value>$INFO[ListItem.Genre]</value>
	</variable>
	<variable name="NowPlayingBreadcrumbsVar">
		<value condition="VideoPlayer.Content(livetv)">$INFO[VideoPlayer.Title]</value>
		<value condition="Window.IsActive(fullscreenvideo)">$INFO[VideoPlayer.Title]$INFO[VideoPlayer.Year, ([COLOR button_focus],[/COLOR])]</value>
		<value condition="MusicPartyMode.Enabled">$LOCALIZE[589]</value>
		<value>$LOCALIZE[31000]...</value>
	</variable>
	<variable name="OSDSubLabelVar">
		<value condition="Window.IsActive(visualisation) + Integer.IsGreater(Playlist.Length,1)">$LOCALIZE[554] $INFO[Playlist.Position] / $INFO[Playlist.Length]</value>
		<value condition="VideoPlayer.Content(musicvideos)">$INFO[VideoPlayer.Artist]$INFO[VideoPlayer.Album, - ]</value>
		<value condition="VideoPlayer.Content(episodes)">$INFO[VideoPlayer.Season,[COLOR button_focus]S,[/COLOR]]$INFO[VideoPlayer.Episode,[COLOR button_focus]E,: [/COLOR]]$INFO[VideoPlayer.TVShowTitle]</value>
		<value condition="VideoPlayer.Content(LiveTV) | PVR.IsPlayingRecording">$INFO[VideoPlayer.ChannelNumberLabel,([COLOR=blue],[/COLOR]) ]$INFO[VideoPlayer.ChannelName]</value>
		<value>$INFO[VideoPlayer.Genre]</value>
	</variable>
	<variable name="AddonsFanartVar">
		<value condition="Skin.HasSetting(no_fanart)"></value>
		<value condition="Window.IsActive(musicinformation) | Window.IsActive(movieinformation) | Window.IsActive(addoninformation) | Window.IsActive(pvrguideinfo) | Window.IsActive(pvrrecordinginfo) | Window.IsActive(pictureinfo) | Window.IsVisible(script-script.extendedinfo-DialogVideoInfo.xml) | Window.IsVisible(script-script.extendedinfo-DialogInfo.xml) | Window.IsVisible(script-script.extendedinfo-VideoList.xml)">$INFO[Window(home).Property(infobackground)]</value>
		<value condition="!String.IsEmpty(Container(50050).ListItem.Art(fanart)) + Control.HasFocus(50050)">$INFO[Container(50050).ListItem.Art(fanart)]</value>
		<value condition="!String.IsEmpty(Container(50150).ListItem.Art(fanart)) + Control.HasFocus(50150)">$INFO[Container(50150).ListItem.Art(fanart)]</value>
		<value condition="!String.IsEmpty(Container(50250).ListItem.Art(fanart)) + Control.HasFocus(50250)">$INFO[Container(50250).ListItem.Art(fanart)]</value>
		<value condition="!String.IsEmpty(Container(50350).ListItem.Art(fanart)) + Control.HasFocus(50350)">$INFO[Container(50350).ListItem.Art(fanart)]</value>
		<value condition="!String.IsEmpty(Skin.String(HomeFanart.path))">$INFO[Skin.String(HomeFanart.path)]$INFO[Container(9000).ListItem.Property(id)]$INFO[Skin.String(HomeFanart.ext)]</value>
	</variable>
	<variable name="HomeFanartVar">
		<value condition="Skin.HasSetting(no_fanart)"></value>
		<value condition="Window.IsActive(musicinformation) | Window.IsActive(movieinformation) | Window.IsActive(addoninformation) | Window.IsActive(pvrguideinfo) | Window.IsActive(pvrrecordinginfo) | Window.IsActive(pictureinfo) | Window.IsVisible(script-script.extendedinfo-DialogVideoInfo.xml) | Window.IsVisible(script-script.extendedinfo-DialogInfo.xml) | Window.IsVisible(script-script.extendedinfo-VideoList.xml)">$INFO[Window(home).Property(infobackground)]</value>
		<value condition="!String.IsEmpty(Container(5100).ListItem.Art(fanart)) + Control.HasFocus(5100)">$INFO[Container(5100).ListItem.Art(fanart)]</value>
		<value condition="!String.IsEmpty(Container(5200).ListItem.Art(fanart)) + Control.HasFocus(5200)">$INFO[Container(5200).ListItem.Art(fanart)]</value>
		<value condition="!String.IsEmpty(Container(5300).ListItem.Art(fanart)) + Control.HasFocus(5300)">$INFO[Container(5300).ListItem.Art(fanart)]</value>
		<value condition="!String.IsEmpty(Container(5400).ListItem.Art(fanart)) + Control.HasFocus(5400)">$INFO[Container(5400).ListItem.Art(fanart)]</value>
		<value condition="!String.IsEmpty(Container(5600).ListItem.Art(fanart)) + Control.HasFocus(5600)">$INFO[Container(5600).ListItem.Art(fanart)]</value>
		<value condition="!String.IsEmpty(Container(6100).ListItem.Art(fanart)) + Control.HasFocus(6100)">$INFO[Container(6100).ListItem.Art(fanart)]</value>
		<value condition="!String.IsEmpty(Container(6200).ListItem.Art(fanart)) + Control.HasFocus(6200)">$INFO[Container(6200).ListItem.Art(fanart)]</value>
		<value condition="!String.IsEmpty(Container(6300).ListItem.Art(fanart)) + Control.HasFocus(6300)">$INFO[Container(6300).ListItem.Art(fanart)]</value>
		<value condition="!String.IsEmpty(Container(6400).ListItem.Art(fanart)) + Control.HasFocus(6400)">$INFO[Container(6400).ListItem.Art(fanart)]</value>
		<value condition="!String.IsEmpty(Container(7100).ListItem.Art(fanart)) + Control.HasFocus(7100)">$INFO[Container(7100).ListItem.Art(fanart)]</value>
		<value condition="!String.IsEmpty(Container(7200).ListItem.Art(fanart)) + Control.HasFocus(7200)">$INFO[Container(7200).ListItem.Art(fanart)]</value>
		<value condition="!String.IsEmpty(Container(7300).ListItem.Art(fanart)) + Control.HasFocus(7300)">$INFO[Container(7300).ListItem.Art(fanart)]</value>
		<value condition="!String.IsEmpty(Container(7400).ListItem.Art(fanart)) + Control.HasFocus(7400)">$INFO[Container(7400).ListItem.Art(fanart)]</value>
		<value condition="!String.IsEmpty(Container(8100).ListItem.Art(fanart)) + Control.HasFocus(8100)">$INFO[Container(8100).ListItem.Art(fanart)]</value>
		<value condition="!String.IsEmpty(Container(8200).ListItem.Art(fanart)) + Control.HasFocus(8200)">$INFO[Container(8200).ListItem.Art(fanart)]</value>
		<value condition="!String.IsEmpty(Container(8300).ListItem.Art(fanart)) + Control.HasFocus(8300)">$INFO[Container(8300).ListItem.Art(fanart)]</value>
		<value condition="!String.IsEmpty(Container(8400).ListItem.Art(fanart)) + Control.HasFocus(8400)">$INFO[Container(8400).ListItem.Art(fanart)]</value>
		<value condition="!String.IsEmpty(Container(8500).ListItem.Art(fanart)) + Control.HasFocus(8500)">$INFO[Container(8500).ListItem.Art(fanart)]</value>
		<value condition="!String.IsEmpty(Container(15100).ListItem.Property(FanartCode)) + Control.HasFocus(15100)">$INFO[Skin.String(WeatherFanart.path)]$INFO[Container(15100).ListItem.Property(FanartCode)]$INFO[Skin.String(WeatherFanart.ext)]</value>
		<value condition="!String.IsEmpty(Container(15200).ListItem.Property(FanartCode)) + Control.HasFocus(15200)">$INFO[Skin.String(WeatherFanart.path)]$INFO[Container(15200).ListItem.Property(FanartCode)]$INFO[Skin.String(WeatherFanart.ext)]</value>
		<value condition="!String.IsEmpty(Skin.String(HomeFanart.path)) + Control.HasFocus(804)">$INFO[Skin.String(HomeFanart.path)]power$INFO[Skin.String(HomeFanart.ext)]</value>
		<value condition="!String.IsEmpty(Skin.String(HomeFanart.path)) + Control.HasFocus(802)">$INFO[Skin.String(HomeFanart.path)]settings$INFO[Skin.String(HomeFanart.ext)]</value>
		<value condition="!String.IsEmpty(Skin.String(HomeFanart.path)) + Control.HasFocus(803)">$INFO[Skin.String(HomeFanart.path)]favorites$INFO[Skin.String(HomeFanart.ext)]</value>
		<value condition="!String.IsEmpty(Skin.String(HomeFanart.path)) + Control.HasFocus(801)">$INFO[Skin.String(HomeFanart.path)]search$INFO[Skin.String(HomeFanart.ext)]</value>
		<value condition="!String.IsEmpty(Skin.String(HomeFanart.path))">$INFO[Skin.String(HomeFanart.path)]$INFO[Container(9000).ListItem.Property(id)]$INFO[Skin.String(HomeFanart.ext)]</value>
	</variable>
	<variable name="MediaFanartVar">
		<value condition="Skin.HasSetting(no_fanart)"></value>
		<value condition="Window.IsActive(musicinformation) | Window.IsActive(movieinformation) | Window.IsActive(addoninformation) | Window.IsActive(pvrguideinfo) | Window.IsActive(pvrrecordinginfo) | Window.IsActive(pictureinfo) | Window.IsVisible(script-script.extendedinfo-DialogVideoInfo.xml) | Window.IsVisible(script-script.extendedinfo-DialogInfo.xml) | Window.IsVisible(script-script.extendedinfo-VideoList.xml)">$INFO[Window(home).Property(infobackground)]</value>
		<value condition="Container.Content(genres) + Window.IsActive(videos)">$INFO[Skin.String(MovieGenreFanart.path)]$INFO[ListItem.Label]$INFO[Skin.String(MovieGenreFanart.ext)]</value>
		<value condition="Window.IsActive(pictures) + String.IsEmpty(ListItem.Art(fanart))">$INFO[ListItem.FolderPath]</value>
		<value condition="!String.IsEmpty(ListItem.Art(fanart))">$INFO[ListItem.Art(fanart)]</value>
		<value condition="!String.IsEmpty(Container.Art(tvshow.fanart))">$INFO[Container.Art(tvshow.fanart)]</value>
		<value condition="!String.IsEmpty(Container.Art(artist.fanart))">$INFO[Container.Art(artist.fanart)]</value>
		<value>$INFO[Container.Art(fanart)]</value>
	</variable>
	<variable name="WeatherFanartVar">
		<value condition="!String.IsEmpty(Container.ListItem.Property(FanartCode))">$INFO[Skin.String(WeatherFanart.path)]$INFO[Container.ListItem.Property(FanartCode)]$INFO[Skin.String(WeatherFanart.ext)]</value>
		<value condition="!String.IsEmpty(Window(weather).Property(current.fanartcode)) + !String.IsEmpty(Skin.String(weatherfanart.path))">$INFO[Skin.String(weatherfanart.path)]$INFO[Window(Weather).Property(Current.FanartCode)]$INFO[Skin.String(weatherfanart.ext)]</value>
		<value condition="!String.IsEmpty(Skin.String(HomeFanart.path))">$INFO[Skin.String(HomeFanart.path)]weather$INFO[Skin.String(HomeFanart.ext)]</value>
	</variable>
	<variable name="ListWatchedIconVar">
		<value condition="ListItem.IsRecording">windows/pvr/record.png</value>
		<value condition="ListItem.IsPlaying">overlays/watched/OverlayPlaying-List.png</value>
		<value condition="ListItem.IsResumable">overlays/watched/resume.png</value>
		<value condition="ListItem.IsCollection">overlays/set.png</value>
		<value condition="ListItem.IsFolder + String.IsEmpty(Listitem.dbtype) + !String.IsEqual(ListItem.Overlay,OverlayWatched.png) + !ListItem.IsParentFolder">overlays/folder.png</value>
		<value condition="!String.IsEmpty(ListItem.Overlay)">$INFO[ListItem.Overlay]</value>
		<value condition="!ListItem.IsParentFolder">OverlayUnwatched.png</value>
	</variable>
	<variable name="WallWatchedIconVar">
		<value condition="ListItem.IsRecording">windows/pvr/record.png</value>
		<value condition="ListItem.IsCollection">overlays/set.png</value>
		<value condition="ListItem.IsPlaying">overlays/watched/OverlayPlaying-List.png</value>
		<value condition="ListItem.IsResumable">overlays/watched/resume.png</value>
		<value condition="Integer.IsGreater(ListItem.Playcount,0)">$INFO[ListItem.Overlay]</value>
	</variable>
	<variable name="SettingsViewsImagesVar">
		<value condition="Control.HasFocus(11111)">special://skin/extras/views/54.png</value>
		<value condition="Control.HasFocus(11112)">special://skin/extras/views/500.png</value>
		<value condition="Control.HasFocus(11113)">special://skin/extras/views/508.png</value>
		<value condition="Control.HasFocus(11114)">special://skin/extras/views/509.png</value>
		<value condition="Control.HasFocus(11115)">special://skin/extras/views/510.png</value>
		<value condition="Control.HasFocus(11116)">special://skin/extras/views/5011.png</value>
		<value condition="Control.HasFocus(11117)">special://skin/extras/views/55.png</value>
		<value condition="Control.HasFocus(11118)">special://skin/extras/views/50.png</value>
		<value condition="Control.HasFocus(11119)">special://skin/extras/views/502.png</value>
		<value condition="Control.HasFocus(111110)">special://skin/extras/views/53.png</value>
		<value condition="Control.HasFocus(111111)">special://skin/extras/views/51.png</value>
		<value condition="Control.HasFocus(111112)">special://skin/extras/views/507.png</value>
		<value condition="Control.HasFocus(111113)">special://skin/extras/views/506.png</value>
		<value condition="Control.HasFocus(111114)">special://skin/extras/views/52.png</value>
	</variable>
	<!-- Breadcrumbs -->
	<variable name="BreadcrumbsVideoVar">
		<value condition="Container.Content(movies) | String.StartsWith(container.folderpath,library://video/movies/) | String.StartsWith(container.folderpath,videodb://movies)">$LOCALIZE[20342]</value>
		<value condition="Container.Content(musicvideos) | String.StartsWith(container.folderpath,library://video/musicvideos/) | String.StartsWith(container.folderpath,videodb://musicvideos)">$LOCALIZE[20389]</value>
		<value condition="Container.Content(tvshows) | String.StartsWith(container.folderpath,library://video/tvshows/) | String.StartsWith(container.folderpath,videodb://tvshows)">$LOCALIZE[20343]</value>
		<value condition="Container.Content(seasons)">$LOCALIZE[20343]</value>
		<value condition="Container.Content(episodes)">$LOCALIZE[20343]</value>
		<value>$LOCALIZE[3]</value>
	</variable>
	<variable name="BreadcrumbsPVRChannelsVar">
		<value condition="Window.IsActive(TVChannels)">$LOCALIZE[19020] / $LOCALIZE[19019] / $INFO[Control.GetLabel(29)]</value>
		<value>$LOCALIZE[19021] / $LOCALIZE[19019] / $INFO[Control.GetLabel(29)]</value>
	</variable>
	<variable name="BreadcrumbsPVRGuideVar">
		<value condition="Window.IsActive(TVGuide)">$LOCALIZE[19020] / $INFO[Control.GetLabel(29)] - $INFO[Control.GetLabel(30)]</value>
		<value>$LOCALIZE[19021] / $INFO[Control.GetLabel(29)] - $INFO[Control.GetLabel(30)]</value>
	</variable>
	<variable name="BreadcrumbsPVRRecordingsVar">
		<value condition="Window.IsActive(TVRecordings)">$LOCALIZE[19020] / $LOCALIZE[19017]$INFO[Control.GetLabel(30), / ]</value>
		<value>$LOCALIZE[19021] / $LOCALIZE[19017]$INFO[Control.GetLabel(30), / ]</value>
	</variable>
	<variable name="BreadcrumbsPVRTimersVar">
		<value condition="Window.IsActive(TVTimers)">$LOCALIZE[19020] / $LOCALIZE[19040]</value>
		<value condition="Window.IsActive(RadioTimers)">$LOCALIZE[19021] / $LOCALIZE[19040]</value>
		<value condition="Window.IsActive(TVTimerRules)">$LOCALIZE[19020] / $LOCALIZE[19138]$INFO[Control.GetLabel(29), / ]</value>
		<value>$LOCALIZE[19021] / $LOCALIZE[19138]$INFO[Control.GetLabel(29), / ]</value>
	</variable>
	<variable name="BreadcrumbsPVRSearchVar">
		<value condition="Window.IsActive(TVSearch)">$LOCALIZE[19020] / $LOCALIZE[137]</value>
		<value>$LOCALIZE[19021] / $LOCALIZE[137]</value>
	</variable>
	<variable name="RepeatButtonColordiffuseVar">
		<value condition="Control.HasFocus(704)">button_focus</value>
		<value>FFFFFFFF</value>
	</variable>
	<variable name="PVRChannelMgrHeader">
		<value condition="!String.IsEmpty(Window.Property(IsRadio))">$LOCALIZE[19199] - $LOCALIZE[19024]</value>
		<value>$LOCALIZE[19199] - $LOCALIZE[19023]</value>
	</variable>
	<variable name="PVRAreaVar">
		<value condition="Control.HasFocus(100)">$LOCALIZE[19019]</value>
		<value condition="Control.HasFocus(101)">$LOCALIZE[19069]</value>
		<value condition="Control.HasFocus(102)">$LOCALIZE[19017]</value>
		<value condition="Control.HasFocus(103)">$LOCALIZE[19040]</value>
		<value condition="Control.HasFocus(104)">$LOCALIZE[19138]</value>
		<value condition="Control.HasFocus(105)">$LOCALIZE[137]</value>
	</variable>
	<variable name="PlayerControlsRepeatImageVar">
		<value condition="Playlist.IsRepeatOne">osd/fullscreen/buttons/repeat-one.png</value>
		<value condition="Playlist.IsRepeat">osd/fullscreen/buttons/repeat-all.png</value>
		<value>osd/fullscreen/buttons/repeat-off.png</value>
	</variable>
	<variable name="PlayerLabel1">
		<value condition="Player.HasVideo">$INFO[VideoPlayer.Title]</value>
		<value condition="Player.HasAudio">$INFO[MusicPlayer.Artist]</value>
	</variable>
	<variable name="PlayerLabel2">
		<value condition="VideoPlayer.Content(episodes)">$LOCALIZE[20373]$INFO[VideoPlayer.Season,: , / ]$LOCALIZE[20359]$INFO[VideoPlayer.Episode,: ]</value>
		<value condition="VideoPlayer.Content(movies)">$INFO[VideoPlayer.Year]</value>
		<value condition="VideoPlayer.Content(livetv)">$INFO[VideoPlayer.ChannelName]</value>
		<value condition="Player.HasAudio">[COLOR grey]$INFO[MusicPlayer.Album][/COLOR]$INFO[MusicPlayer.Year, [,] ]</value>
	</variable>
	<variable name="PlayerLabel3">
		<value condition="VideoPlayer.Content(episodes)">$INFO[VideoPlayer.TvShowTitle]</value>
		<value condition="VideoPlayer.Content(movies) | VideoPlayer.Content(livetv)">$INFO[VideoPlayer.Genre]</value>
		<value condition="Player.HasAudio">$INFO[MusicPlayer.TrackNumber,,: ][COLOR=grey]$INFO[Player.Title][/COLOR]</value>
	</variable>
	<variable name="PVRTimerIcon">
		<value condition="ListItem.IsRecording">icons/pvr/PVR-IsRecording.png</value>
		<value condition="ListItem.HasTimerSchedule + ListItem.TimerHasError">icons/pvr/PVR-HasTimerScheduleError.png</value>
		<value condition="ListItem.HasTimer + ListItem.TimerHasError">icons/pvr/PVR-HasTimerError.png</value>
		<value condition="ListItem.HasTimerSchedule + ListItem.TimerHasConflict">icons/pvr/PVR-HasTimerScheduleConflict.png</value>
		<value condition="ListItem.HasTimer + ListItem.TimerHasConflict">icons/pvr/PVR-HasTimerConflict.png</value>
		<value condition="ListItem.HasRecording">icons/pvr/PVR-HasRecording.png</value>
		<value condition="ListItem.HasTimerSchedule + !ListItem.TimerIsActive">icons/pvr/PVR-HasTimerScheduleDisabled.png</value>
		<value condition="ListItem.HasTimer + !ListItem.TimerIsActive">icons/pvr/PVR-HasTimerDisabled.png</value>
		<value condition="ListItem.HasTimerSchedule">icons/pvr/PVR-HasTimerSchedule.png</value>
		<value condition="ListItem.HasTimer">icons/pvr/PVR-HasTimer.png</value>
	</variable>
	<variable name="VideoHWDecoder">
		<value condition="Player.Process(videohwdecoder)">HW</value>
		<value>SW</value>
	</variable>
	<variable name="AddonNewsVar">
		<value condition="!String.IsEmpty(ListItem.AddonNews)">$LOCALIZE[31136]</value>
	</variable>
	<variable name="TimersSubLabel">
		<value condition="[Window.IsActive(tvtimerrules) | Window.IsActive(radiotimerrules)] + !ListItem.HasTimerSchedule">$INFO[ListItem.Timertype]</value>
		<value>$INFO[ListItem.EpisodeName]</value>
	</variable>
	<variable name="BackgroundOverlayTypeVar">
		<value condition="String.IsEqual(Skin.String(background_overlay),0)">$LOCALIZE[231]</value>
		<value>$INFO[Skin.String(background_overlay),$LOCALIZE[467] ]</value>
	</variable>
	<variable name="TVCategoriesTypeVar">
		<value condition="String.IsEmpty(Skin.String(tv_categories))">$LOCALIZE[602]</value>		
		<value condition="String.IsEqual(Skin.String(tv_categories),0)">$LOCALIZE[602]</value>
		<value condition="String.IsEqual(Skin.String(tv_categories),1)">$LOCALIZE[536]</value>
		<value condition="String.IsEqual(Skin.String(tv_categories),2)">$LOCALIZE[351]</value> <!-- this is OFF -->
	</variable>
	<variable name="MovieCategoriesTypeVar">
		<value condition="String.IsEmpty(Skin.String(movie_categories))">$LOCALIZE[602]</value>		
		<value condition="String.IsEqual(Skin.String(movie_categories),0)">$LOCALIZE[602]</value>
		<value condition="String.IsEqual(Skin.String(movie_categories),1)">$LOCALIZE[536]</value>
		<value condition="String.IsEqual(Skin.String(movie_categories),2)">$LOCALIZE[351]</value>
	</variable>
	<variable name="MusicCategoriesTypeVar">
		<value condition="String.IsEmpty(Skin.String(music_categories))">$LOCALIZE[602]</value>		
		<value condition="String.IsEqual(Skin.String(music_categories),0)">$LOCALIZE[602]</value>
		<value condition="String.IsEqual(Skin.String(music_categories),1)">$LOCALIZE[536]</value>
		<value condition="String.IsEqual(Skin.String(music_categories),2)">$LOCALIZE[351]</value>
	</variable>
	<variable name="PVRCategoriesTypeVar">
		<value condition="String.IsEmpty(Skin.String(pvr_categories))">$LOCALIZE[602]</value>		
		<value condition="String.IsEqual(Skin.String(pvr_categories),0)">$LOCALIZE[602]</value>
		<value condition="String.IsEqual(Skin.String(pvr_categories),1)">$LOCALIZE[536]</value>
		<value condition="String.IsEqual(Skin.String(pvr_categories),2)">$LOCALIZE[351]</value>
	</variable>
	<variable name="AddonCategoriesTypeVar">
		<value condition="String.IsEmpty(Skin.String(addon_categories))">$LOCALIZE[602]</value>		
		<value condition="String.IsEqual(Skin.String(addon_categories),0)">$LOCALIZE[602]</value>
		<value condition="String.IsEqual(Skin.String(addon_categories),1)">$LOCALIZE[536]</value>
		<value condition="String.IsEqual(Skin.String(addon_categories),2)">$LOCALIZE[351]</value>
	</variable>
	<variable name="HomeMenuSlot1Var">
		<value condition="String.IsEqual(Skin.String(homemenu_slot1),0)">$LOCALIZE[351]</value>
		<value condition="String.IsEqual(Skin.String(homemenu_slot1),1)">$LOCALIZE[342]</value>
		<value condition="String.IsEqual(Skin.String(homemenu_slot1),2)">$LOCALIZE[20343]</value>	
		<value condition="String.IsEqual(Skin.String(homemenu_slot1),3)">$LOCALIZE[2]</value>
		<value condition="String.IsEqual(Skin.String(homemenu_slot1),4)">$LOCALIZE[20389]</value>
		<value condition="String.IsEqual(Skin.String(homemenu_slot1),5)">$LOCALIZE[19020]</value>
		<value condition="String.IsEqual(Skin.String(homemenu_slot1),6)">$LOCALIZE[19021]</value>
		<value condition="String.IsEqual(Skin.String(homemenu_slot1),7)">$LOCALIZE[24001]</value>
		<value condition="String.IsEqual(Skin.String(homemenu_slot1),8)">$LOCALIZE[1]</value>
		<value condition="String.IsEqual(Skin.String(homemenu_slot1),9)">$LOCALIZE[3]</value>
		<value condition="String.IsEqual(Skin.String(homemenu_slot1),10)">$LOCALIZE[10134]</value>
		<value condition="String.IsEqual(Skin.String(homemenu_slot1),11)">$LOCALIZE[8]</value>
	</variable>
	<variable name="HomeMenuSlot2Var">
		<value condition="String.IsEqual(Skin.String(homemenu_slot2),0)">$LOCALIZE[351]</value>
		<value condition="String.IsEqual(Skin.String(homemenu_slot2),1)">$LOCALIZE[342]</value>
		<value condition="String.IsEqual(Skin.String(homemenu_slot2),2)">$LOCALIZE[20343]</value>	
		<value condition="String.IsEqual(Skin.String(homemenu_slot2),3)">$LOCALIZE[2]</value>
		<value condition="String.IsEqual(Skin.String(homemenu_slot2),4)">$LOCALIZE[20389]</value>
		<value condition="String.IsEqual(Skin.String(homemenu_slot2),5)">$LOCALIZE[19020]</value>
		<value condition="String.IsEqual(Skin.String(homemenu_slot2),6)">$LOCALIZE[19021]</value>
		<value condition="String.IsEqual(Skin.String(homemenu_slot2),7)">$LOCALIZE[24001]</value>
		<value condition="String.IsEqual(Skin.String(homemenu_slot2),8)">$LOCALIZE[1]</value>
		<value condition="String.IsEqual(Skin.String(homemenu_slot2),9)">$LOCALIZE[3]</value>
		<value condition="String.IsEqual(Skin.String(homemenu_slot2),10)">$LOCALIZE[10134]</value>
		<value condition="String.IsEqual(Skin.String(homemenu_slot2),11)">$LOCALIZE[8]</value>
	</variable>
	<variable name="HomeMenuSlot3Var">
		<value condition="String.IsEqual(Skin.String(homemenu_slot3),0)">$LOCALIZE[351]</value>
		<value condition="String.IsEqual(Skin.String(homemenu_slot3),1)">$LOCALIZE[342]</value>
		<value condition="String.IsEqual(Skin.String(homemenu_slot3),2)">$LOCALIZE[20343]</value>	
		<value condition="String.IsEqual(Skin.String(homemenu_slot3),3)">$LOCALIZE[2]</value>
		<value condition="String.IsEqual(Skin.String(homemenu_slot3),4)">$LOCALIZE[20389]</value>
		<value condition="String.IsEqual(Skin.String(homemenu_slot3),5)">$LOCALIZE[19020]</value>
		<value condition="String.IsEqual(Skin.String(homemenu_slot3),6)">$LOCALIZE[19021]</value>
		<value condition="String.IsEqual(Skin.String(homemenu_slot3),7)">$LOCALIZE[24001]</value>
		<value condition="String.IsEqual(Skin.String(homemenu_slot3),8)">$LOCALIZE[1]</value>
		<value condition="String.IsEqual(Skin.String(homemenu_slot3),9)">$LOCALIZE[3]</value>
		<value condition="String.IsEqual(Skin.String(homemenu_slot3),10)">$LOCALIZE[10134]</value>
		<value condition="String.IsEqual(Skin.String(homemenu_slot3),11)">$LOCALIZE[8]</value>
	</variable>
	<variable name="HomeMenuSlot4Var">
		<value condition="String.IsEqual(Skin.String(homemenu_slot4),0)">$LOCALIZE[351]</value>
		<value condition="String.IsEqual(Skin.String(homemenu_slot4),1)">$LOCALIZE[342]</value>
		<value condition="String.IsEqual(Skin.String(homemenu_slot4),2)">$LOCALIZE[20343]</value>	
		<value condition="String.IsEqual(Skin.String(homemenu_slot4),3)">$LOCALIZE[2]</value>
		<value condition="String.IsEqual(Skin.String(homemenu_slot4),4)">$LOCALIZE[20389]</value>
		<value condition="String.IsEqual(Skin.String(homemenu_slot4),5)">$LOCALIZE[19020]</value>
		<value condition="String.IsEqual(Skin.String(homemenu_slot4),6)">$LOCALIZE[19021]</value>
		<value condition="String.IsEqual(Skin.String(homemenu_slot4),7)">$LOCALIZE[24001]</value>
		<value condition="String.IsEqual(Skin.String(homemenu_slot4),8)">$LOCALIZE[1]</value>
		<value condition="String.IsEqual(Skin.String(homemenu_slot4),9)">$LOCALIZE[3]</value>
		<value condition="String.IsEqual(Skin.String(homemenu_slot4),10)">$LOCALIZE[10134]</value>
		<value condition="String.IsEqual(Skin.String(homemenu_slot4),11)">$LOCALIZE[8]</value>
	</variable>
	<variable name="HomeMenuSlot5Var">
		<value condition="String.IsEqual(Skin.String(homemenu_slot5),0)">$LOCALIZE[351]</value>
		<value condition="String.IsEqual(Skin.String(homemenu_slot5),1)">$LOCALIZE[342]</value>
		<value condition="String.IsEqual(Skin.String(homemenu_slot5),2)">$LOCALIZE[20343]</value>	
		<value condition="String.IsEqual(Skin.String(homemenu_slot5),3)">$LOCALIZE[2]</value>
		<value condition="String.IsEqual(Skin.String(homemenu_slot5),4)">$LOCALIZE[20389]</value>
		<value condition="String.IsEqual(Skin.String(homemenu_slot5),5)">$LOCALIZE[19020]</value>
		<value condition="String.IsEqual(Skin.String(homemenu_slot5),6)">$LOCALIZE[19021]</value>
		<value condition="String.IsEqual(Skin.String(homemenu_slot5),7)">$LOCALIZE[24001]</value>
		<value condition="String.IsEqual(Skin.String(homemenu_slot5),8)">$LOCALIZE[1]</value>
		<value condition="String.IsEqual(Skin.String(homemenu_slot5),9)">$LOCALIZE[3]</value>
		<value condition="String.IsEqual(Skin.String(homemenu_slot5),10)">$LOCALIZE[10134]</value>
		<value condition="String.IsEqual(Skin.String(homemenu_slot5),11)">$LOCALIZE[8]</value>
	</variable>
	<variable name="HomeMenuSlot6Var">
		<value condition="String.IsEqual(Skin.String(homemenu_slot6),0)">$LOCALIZE[351]</value>
		<value condition="String.IsEqual(Skin.String(homemenu_slot6),1)">$LOCALIZE[342]</value>
		<value condition="String.IsEqual(Skin.String(homemenu_slot6),2)">$LOCALIZE[20343]</value>	
		<value condition="String.IsEqual(Skin.String(homemenu_slot6),3)">$LOCALIZE[2]</value>
		<value condition="String.IsEqual(Skin.String(homemenu_slot6),4)">$LOCALIZE[20389]</value>
		<value condition="String.IsEqual(Skin.String(homemenu_slot6),5)">$LOCALIZE[19020]</value>
		<value condition="String.IsEqual(Skin.String(homemenu_slot6),6)">$LOCALIZE[19021]</value>
		<value condition="String.IsEqual(Skin.String(homemenu_slot6),7)">$LOCALIZE[24001]</value>
		<value condition="String.IsEqual(Skin.String(homemenu_slot6),8)">$LOCALIZE[1]</value>
		<value condition="String.IsEqual(Skin.String(homemenu_slot6),9)">$LOCALIZE[3]</value>
		<value condition="String.IsEqual(Skin.String(homemenu_slot6),10)">$LOCALIZE[10134]</value>
		<value condition="String.IsEqual(Skin.String(homemenu_slot6),11)">$LOCALIZE[8]</value>
	</variable>
	<variable name="HomeMenuSlot7Var">
		<value condition="String.IsEqual(Skin.String(homemenu_slot7),0)">$LOCALIZE[351]</value>
		<value condition="String.IsEqual(Skin.String(homemenu_slot7),1)">$LOCALIZE[342]</value>
		<value condition="String.IsEqual(Skin.String(homemenu_slot7),2)">$LOCALIZE[20343]</value>	
		<value condition="String.IsEqual(Skin.String(homemenu_slot7),3)">$LOCALIZE[2]</value>
		<value condition="String.IsEqual(Skin.String(homemenu_slot7),4)">$LOCALIZE[20389]</value>
		<value condition="String.IsEqual(Skin.String(homemenu_slot7),5)">$LOCALIZE[19020]</value>
		<value condition="String.IsEqual(Skin.String(homemenu_slot7),6)">$LOCALIZE[19021]</value>
		<value condition="String.IsEqual(Skin.String(homemenu_slot7),7)">$LOCALIZE[24001]</value>
		<value condition="String.IsEqual(Skin.String(homemenu_slot7),8)">$LOCALIZE[1]</value>
		<value condition="String.IsEqual(Skin.String(homemenu_slot7),9)">$LOCALIZE[3]</value>
		<value condition="String.IsEqual(Skin.String(homemenu_slot7),10)">$LOCALIZE[10134]</value>
		<value condition="String.IsEqual(Skin.String(homemenu_slot7),11)">$LOCALIZE[8]</value>
	</variable>
	<variable name="HomeMenuSlot8Var">
		<value condition="String.IsEqual(Skin.String(homemenu_slot8),0)">$LOCALIZE[351]</value>
		<value condition="String.IsEqual(Skin.String(homemenu_slot8),1)">$LOCALIZE[342]</value>
		<value condition="String.IsEqual(Skin.String(homemenu_slot8),2)">$LOCALIZE[20343]</value>	
		<value condition="String.IsEqual(Skin.String(homemenu_slot8),3)">$LOCALIZE[2]</value>
		<value condition="String.IsEqual(Skin.String(homemenu_slot8),4)">$LOCALIZE[20389]</value>
		<value condition="String.IsEqual(Skin.String(homemenu_slot8),5)">$LOCALIZE[19020]</value>
		<value condition="String.IsEqual(Skin.String(homemenu_slot8),6)">$LOCALIZE[19021]</value>
		<value condition="String.IsEqual(Skin.String(homemenu_slot8),7)">$LOCALIZE[24001]</value>
		<value condition="String.IsEqual(Skin.String(homemenu_slot8),8)">$LOCALIZE[1]</value>
		<value condition="String.IsEqual(Skin.String(homemenu_slot8),9)">$LOCALIZE[3]</value>
		<value condition="String.IsEqual(Skin.String(homemenu_slot8),10)">$LOCALIZE[10134]</value>
		<value condition="String.IsEqual(Skin.String(homemenu_slot8),11)">$LOCALIZE[8]</value>
	</variable>
	<variable name="HomeMenuSlot9Var">
		<value condition="String.IsEqual(Skin.String(homemenu_slot9),0)">$LOCALIZE[351]</value>
		<value condition="String.IsEqual(Skin.String(homemenu_slot9),1)">$LOCALIZE[342]</value>
		<value condition="String.IsEqual(Skin.String(homemenu_slot9),2)">$LOCALIZE[20343]</value>	
		<value condition="String.IsEqual(Skin.String(homemenu_slot9),3)">$LOCALIZE[2]</value>
		<value condition="String.IsEqual(Skin.String(homemenu_slot9),4)">$LOCALIZE[20389]</value>
		<value condition="String.IsEqual(Skin.String(homemenu_slot9),5)">$LOCALIZE[19020]</value>
		<value condition="String.IsEqual(Skin.String(homemenu_slot9),6)">$LOCALIZE[19021]</value>
		<value condition="String.IsEqual(Skin.String(homemenu_slot9),7)">$LOCALIZE[24001]</value>
		<value condition="String.IsEqual(Skin.String(homemenu_slot9),8)">$LOCALIZE[1]</value>
		<value condition="String.IsEqual(Skin.String(homemenu_slot9),9)">$LOCALIZE[3]</value>
		<value condition="String.IsEqual(Skin.String(homemenu_slot9),10)">$LOCALIZE[10134]</value>
		<value condition="String.IsEqual(Skin.String(homemenu_slot9),11)">$LOCALIZE[8]</value>
	</variable>
	<variable name="HomeMenuSlot10Var">
		<value condition="String.IsEqual(Skin.String(homemenu_slot10),0)">$LOCALIZE[351]</value>
		<value condition="String.IsEqual(Skin.String(homemenu_slot10),1)">$LOCALIZE[342]</value>
		<value condition="String.IsEqual(Skin.String(homemenu_slot10),2)">$LOCALIZE[20343]</value>	
		<value condition="String.IsEqual(Skin.String(homemenu_slot10),3)">$LOCALIZE[2]</value>
		<value condition="String.IsEqual(Skin.String(homemenu_slot10),4)">$LOCALIZE[20389]</value>
		<value condition="String.IsEqual(Skin.String(homemenu_slot10),5)">$LOCALIZE[19020]</value>
		<value condition="String.IsEqual(Skin.String(homemenu_slot10),6)">$LOCALIZE[19021]</value>
		<value condition="String.IsEqual(Skin.String(homemenu_slot10),7)">$LOCALIZE[24001]</value>
		<value condition="String.IsEqual(Skin.String(homemenu_slot10),8)">$LOCALIZE[1]</value>
		<value condition="String.IsEqual(Skin.String(homemenu_slot10),9)">$LOCALIZE[3]</value>
		<value condition="String.IsEqual(Skin.String(homemenu_slot10),10)">$LOCALIZE[10134]</value>
		<value condition="String.IsEqual(Skin.String(homemenu_slot10),11)">$LOCALIZE[8]</value>
	</variable>
	<variable name="HomeMenuSlot11Var">
		<value condition="String.IsEqual(Skin.String(homemenu_slot11),0)">$LOCALIZE[351]</value>
		<value condition="String.IsEqual(Skin.String(homemenu_slot11),1)">$LOCALIZE[342]</value>
		<value condition="String.IsEqual(Skin.String(homemenu_slot11),2)">$LOCALIZE[20343]</value>	
		<value condition="String.IsEqual(Skin.String(homemenu_slot11),3)">$LOCALIZE[2]</value>
		<value condition="String.IsEqual(Skin.String(homemenu_slot11),4)">$LOCALIZE[20389]</value>
		<value condition="String.IsEqual(Skin.String(homemenu_slot11),5)">$LOCALIZE[19020]</value>
		<value condition="String.IsEqual(Skin.String(homemenu_slot11),6)">$LOCALIZE[19021]</value>
		<value condition="String.IsEqual(Skin.String(homemenu_slot11),7)">$LOCALIZE[24001]</value>
		<value condition="String.IsEqual(Skin.String(homemenu_slot11),8)">$LOCALIZE[1]</value>
		<value condition="String.IsEqual(Skin.String(homemenu_slot11),9)">$LOCALIZE[3]</value>
		<value condition="String.IsEqual(Skin.String(homemenu_slot11),10)">$LOCALIZE[10134]</value>
		<value condition="String.IsEqual(Skin.String(homemenu_slot11),11)">$LOCALIZE[8]</value>
	</variable>


</includes>
