<?xml version="1.0" encoding="UTF-8"?>
<includes>
	<include name="View_500_Wall">
		<control type="group">
			<include>OpenClose_Right</include>
			<left>25</left>
			<top>0</top>
			<visible>Control.IsVisible(500)</visible>
			<include>Visible_Right</include>

			<control type="panel" id="500">
				<left>0</left>
				<top>0</top>
				<width>99%</width>
				<height>100%</height>
				<onleft>9000</onleft>
				<onright>531</onright>
				<onup condition="Integer.IsGreater(Container.NumPages,1)">500</onup>
				<onup condition="!Integer.IsGreater(Container.NumPages,1)">9000</onup>
				<ondown>500</ondown>
				<viewtype label="31102">icon</viewtype>
				<preloaditems>2</preloaditems>
				<pagecontrol>531</pagecontrol>
				<scrolltime tween="cubic" easing="out">500</scrolltime>
				<visible>Container.Content(movies) | Container.Content(sets) | Container.Content(tvshows) | Container.Content(seasons) | Container.Content(episodes) | Container.Content(artists) | Container.Content(albums) | Container.Content(musicvideos) | Container.Content(addons) | Container.Content(images) | Container.Content(videos)</visible>
				
				
				<!-- -->
				<itemlayout height="370" width="260" condition="Container.Content(movies) | Container.Content(sets) | Container.Content(tvshows) | Container.Content(seasons)">
					<control type="group">
						<top>120</top>
						<include>InfoWallMovieLayout</include>
					</control>
				</itemlayout>
				
				
				<focusedlayout height="445" width="300" condition="Container.Content(movies) | Container.Content(sets) | Container.Content(tvshows) | Container.Content(seasons)">
					<control type="group">
						<depth>DepthContentPopout</depth>
						<animation effect="zoom" start="100" end="110" time="200" tween="sine" easing="inout" center="160,300">Focus</animation>
						<animation effect="zoom" start="110" end="100" time="200" tween="sine" easing="inout" center="160,300">UnFocus</animation>
						<top>120</top>
						<include content="InfoWallMovieLayout">
							<param name="focused" value="true" />
						</include>
					</control>
				</focusedlayout>
				
				
				
				
				
				<itemlayout height="300" width="300" condition="Container.Content(episodes) | Container.Content(videos) | Container.Content(musicvideos)">
					<control type="group">
						<top>110</top>
						<include content="InfoWallEpisodeLayout">
							<param name="label" value="$INFO[ListItem.Label]" />
							<param name="thumb_label" value="$INFO[ListItem.Label2]" />
						</include>
					</control>
				</itemlayout>
				<focusedlayout height="300" width="300" condition="Container.Content(episodes) | Container.Content(videos) | Container.Content(musicvideos)">
					<control type="group">
						<depth>DepthContentPopout</depth>
						<animation effect="zoom" start="100" end="110" time="200" tween="sine" easing="inout" center="160,280">Focus</animation>
						<animation effect="zoom" start="110" end="100" time="200" tween="sine" easing="inout" center="160,280">UnFocus</animation>
						<top>110</top>
						<include content="InfoWallEpisodeLayout">
							<param name="focused" value="true" />
							<param name="thumb_label" value="$INFO[ListItem.Label2]" />
						</include>
					</control>
				</focusedlayout>
				<itemlayout height="425" width="442" condition="Container.Content(images)">
					<control type="group">
						<left>40</left>
						<top>150</top>
						<include>InfoWallPictureLayout</include>
					</control>
				</itemlayout>
				<focusedlayout height="425" width="442" condition="Container.Content(images)">
					<control type="group">
						<depth>DepthContentPopout</depth>
						<animation effect="zoom" start="100" end="110" time="200" tween="sine" easing="inout" center="220,330">Focus</animation>
						<animation effect="zoom" start="110" end="100" time="200" tween="sine" easing="inout" center="220,330">UnFocus</animation>
						<left>40</left>
						<top>150</top>
						<include content="InfoWallPictureLayout">
							<param name="focused" value="true" />
						</include>
					</control>
				</focusedlayout>
				<itemlayout height="400" width="300" condition="Container.Content(artists) | Container.Content(albums)">
					<control type="group">
						<top>150</top>
						<include content="InfoWallMusicLayout">
							<param name="fallback_image" value="DefaultMusicSongs.png" />
						</include>
					</control>
				</itemlayout>
				<focusedlayout height="400" width="300" condition="Container.Content(artists) | Container.Content(albums)">
					<control type="group">
						<depth>DepthContentPopout</depth>
						<top>150</top>
						<animation effect="zoom" start="100" end="110" time="200" tween="sine" easing="inout" center="160,350">Focus</animation>
						<animation effect="zoom" start="110" end="100" time="200" tween="sine" easing="inout" center="160,350">UnFocus</animation>
						<include content="InfoWallMusicLayout">
							<param name="fallback_image" value="DefaultMusicSongs.png" />
							<param name="focused" value="true" />
						</include>
					</control>
				</focusedlayout>
				<itemlayout height="390" width="300" condition="Container.Content(addons)">
					<control type="group">
						<top>150</top>
						<include content="InfoWallMusicLayout">
							<param name="fallback_image" value="DefaultAddon.png" />
						</include>
					</control>
				</itemlayout>
				<focusedlayout height="390" width="300" condition="Container.Content(addons)">
					<control type="group">
						<depth>DepthContentPopout</depth>
						<top>150</top>
						<animation effect="zoom" start="100" end="110" time="200" tween="sine" easing="inout" center="150,350">Focus</animation>
						<animation effect="zoom" start="110" end="100" time="200" tween="sine" easing="inout" center="150,350">UnFocus</animation>
						<include content="InfoWallMusicLayout">
							<param name="fallback_image" value="DefaultAddon.png" />
							<param name="focused" value="true" />
						</include>
					</control>
				</focusedlayout>
			</control>
		</control>

		<control type="group">
		<visible>Control.IsVisible(500) |  Control.IsVisible(51) |  Control.IsVisible(52) | Control.IsVisible(53)</visible> 
		<depth>bg_alpha</depth>
				<control type="image">
							<left>43%</left>
							<top>-10</top>
							<bottom>-30</bottom>
							<width>260</width>
							<height>140</height>
							<texture colordiffuse="80000000">overlays/overlayfade.png</texture>
							<visible>!Skin.HasSetting(ToggleClearArtLogo) + Skin.HasSetting(ClearArtOnViews)</visible>
							<visible>Container.Content(movies) | Container.Content(tvshows) | Container.Content(seasons)</visible>
				</control> 
				<control type="image">
							<left>43%</left>
							<top>-10</top>
							<bottom>-30</bottom>
							<width>260</width>
							<height>185</height>
							<texture colordiffuse="80000000">overlays/overlayfade.png</texture>
							<visible>Skin.HasSetting(ToggleClearArtLogo) + Skin.HasSetting(ClearArtOnViews)</visible>
							<visible>Container.Content(movies) | Container.Content(tvshows)</visible>
				</control>		 
				<control type="image">
						<depth>bg_alpha</depth>
						<top>30</top>
						<left>36%</left>
						<width max="537">auto</width>
						<height>99</height>
						<aspectratio align="top" aligny="center">keep</aspectratio>
						<texture background="true">$VAR[ClearLogoVar]</texture>
						<visible>!ListItem.IsCollection + !ListItem.IsParentFolder</visible>
						<visible>!Skin.HasSetting(ToggleClearArtLogo) + Skin.HasSetting(ClearArtOnViews)</visible>
				</control>
				 <control type="image">
						<depth>bg_alpha</depth>
						<top>30</top>
						<left>36%</left>
						<width max="537">auto</width>
						<height>140</height>
						<aspectratio align="top" aligny="center">keep</aspectratio>
						<texture background="true">$INFO[Window(Home).Property(SkinHelper.ListItem.Art.Clearart)]</texture>
						<visible>!ListItem.IsCollection + !ListItem.IsParentFolder</visible>
						<visible>Skin.HasSetting(ToggleClearArtLogo) + Skin.HasSetting(ClearArtOnViews)</visible>
				</control> 
				 <control type="textbox">
					<depth>bg_alpha</depth>
						<top>50</top>
						<align>center</align>
						<font>infoInterstate</font>
						<textcolor>button_focus</textcolor>
						<label>[COLOR $VAR[secondHighlightColor]]$INFO[ListItem.Rating][/COLOR]   $INFO[ListItem.Title]</label>
						<visible>!ListItem.IsCollection + !ListItem.IsParentFolder</visible>
						<visible>!Skin.HasSetting(ClearArtOnViews)</visible>
				</control> 
			</control>

	</include>
</includes>
